place,magnitude,time,latitude,longitude,depth
"57 km E of Yamada, Japan",4.8,1767138697190,39.5079,142.6174,35.0
"113 km E of Miyako, Japan",4.8,1767133187578,39.6543,143.2604,33.675
"78 km NNE of Gorontalo, Indonesia",4.5,1767128106720,1.1978,123.3207,10.0
"31 km SE of Boyuibe, Bolivia",5.3,1767126363769,-20.6709,-63.1117,547.425
"36 km W of Latakia, Syria",4.3,1767107131780,35.509,35.3837,10.0
"63 km SSE of Bireun, Indonesia",4.5,1767102189464,4.6444,96.8231,10.0
"53 km ESE of Londres, Argentina",4.2,1767100850091,-27.9545,-66.662,153.104
"80 km SSW of Panguna, Papua New Guinea",5.1,1767093728302,-7.0134,155.273,10.0
"256 km E of Levuka, Fiji",4.6,1767092284342,-18.1437,-178.2655,540.565
"97 km N of Yakutat, Alaska",5.1,1767089839219,60.4206,-139.6135,5.005
"62 km W of Vallenar, Chile",4.0,1767087979631,-28.506,-71.388,27.336
"20 km NNE of Wadomari, Japan",5.5,1767082344533,27.5468,128.7445,10.0
"62 km ENE of Caucete, Argentina",4.4,1767082243541,-31.5251,-67.6441,25.915
"242 km E of Levuka, Fiji",4.6,1767074886584,-17.8925,-178.3999,555.388
Mid-Indian Ridge,5.0,1767068178115,-42.6392,83.5964,10.0
"Pagan region, Northern Mariana Islands",4.6,1767066241085,18.2023,145.5359,210.422
"69 km ESE of Shikotan, Russia",4.5,1767048441032,43.6548,147.5633,35.0
Fiji region,4.8,1767045033341,-20.4113,-178.4544,600.315
"186 km ENE of Levuka, Fiji",4.2,1767037320657,-17.4563,-179.0489,549.74
"36 km ESE of Afántou, Greece",4.1,1767027606991,36.1124,28.5016,42.846
Mid-Indian Ridge,4.9,1767026340907,-23.5768,69.5152,10.0
"122 km ESE of Bitung, Indonesia",4.6,1767019380656,0.9527,126.1152,40.752
"115 km S of Kokopo, Papua New Guinea",5.1,1767008402089,-5.3688,152.4689,10.0
"47 km SE of Ikungi, Tanzania",4.6,1767001900533,-5.3962,35.1013,10.0
"167 km SE of Petropavlovsk-Kamchatsky, Russia",4.7,1766986764848,51.9871,160.3442,10.0
"94 km SW of Ternate, Indonesia",4.5,1766985476087,0.2388,126.7404,112.842
"56 km WNW of San Antonio de los Cobres, Argentina",4.4,1766983768726,-24.0053,-66.8245,222.054
"259 km E of Levuka, Fiji",4.4,1766976228375,-18.1779,-178.2385,546.256
"229 km NE of Neiafu, Tonga",4.7,1766974697620,-17.4828,-172.1925,10.0
"48 km E of Villa Presidente Frei, Chile",4.1,1766973998379,-33.4641,-70.0595,116.89
"15 km NNW of Susanville, CA",4.7,1766968874360,40.547,-120.700833333333,6.78
"42 km W of Puerto Santa, Peru",5.0,1766963995543,-9.0299,-79.0291,68.378
"105 km N of Yakutat, Alaska",4.3,1766947849294,60.4944,-139.809,10.0
"115 km S of Hihifo, Tonga",4.6,1766945030399,-16.9868,-173.9835,146.745
"153 km S of Severo-Kuril’sk, Russia",4.6,1766929200956,49.2989,156.0604,54.639
"103 km WSW of San Vicente de Cañete, Peru",4.6,1766927378657,-13.4851,-77.2455,10.0
"136 km SSW of Severo-Kuril’sk, Russia",4.6,1766918787929,49.5077,155.5501,73.183
"13 km NNW of Berlín, El Salvador",4.4,1766915725214,13.6093,-88.5865,186.094
"63 km NE of Khorugh, Tajikistan",4.3,1766915695890,37.8123,72.1437,129.733
Fiji region,4.5,1766911495797,-20.2763,-178.4757,611.182
"272 km WNW of Houma, Tonga",4.5,1766909793731,-20.4322,-177.8029,540.127
Fiji region,4.8,1766909181533,-20.2604,-178.6674,615.27
"51 km SE of Boca de Yuma, Dominican Republic",4.26,1766897946390,18.0925,-68.2255,77.0
South Sandwich Islands region,5.1,1766896580260,-59.8223,-26.5501,34.378
"122 km N of Yakutat, Alaska",4.0,1766894092955,60.636,-139.9856,5.0
"36 km W of Puerto Santa, Peru",6.2,1766890310878,-8.9602,-78.9738,66.413
"43 km NW of Bukittinggi, Indonesia",4.6,1766888150516,-0.0529,100.0718,58.494
"34 km NW of Bukittinggi, Indonesia",4.6,1766887899271,-0.1226,100.1207,46.27
western Xizang,4.1,1766877678392,35.7534,88.6751,10.0
"82 km ENE of Donggang, Taiwan",4.3,1766876605377,22.7214,121.2068,26.055
"Izu Islands, Japan region",4.4,1766875678444,29.6613,142.2648,10.0
Fiji region,4.8,1766873507050,-20.9346,-178.5078,598.436
"95 km SW of Atka, Alaska",4.0,1766873304338,51.5937,-175.1974,45.284
"37 km NNW of Ashkāsham, Afghanistan",4.1,1766861114862,36.9657,71.2996,190.165
"9 km NNE of Mambog, Philippines",4.7,1766859983590,15.3871,120.0686,65.232
"Izu Islands, Japan region",5.1,1766857477048,29.7455,141.9521,46.141
"35 km ESE of Yilan, Taiwan",4.5,1766853942746,24.5968,122.0614,62.797
"63 km W of Ollagüe, Chile",4.2,1766850718194,-21.2431,-68.8609,123.671
"32 km ESE of Yilan, Taiwan",6.6,1766847955423,24.6727,122.0572,63.0
"9 km WNW of Dhekiajuli, India",4.5,1766839369281,26.721,92.3835,38.01
"37 km NW of Añatuya, Argentina",5.6,1766832049667,-28.27,-63.1554,588.313
"88 km S of La Tirana, Chile",4.3,1766831164931,-21.1312,-69.6641,68.913
"34 km NW of Finschhafen, Papua New Guinea",4.7,1766823497199,-6.3206,147.6422,62.335
"264 km WNW of Houma, Tonga",4.5,1766814342790,-20.1973,-177.6166,500.971
"187 km S of Bengkulu, Indonesia",4.9,1766804417096,-5.4997,102.2421,10.0
"218 km ESE of Severo-Kuril’sk, Russia",5.1,1766802315663,49.6163,158.6967,10.0
"189 km S of Bengkulu, Indonesia",5.2,1766797811763,-5.5079,102.3468,10.0
"49 km W of Végueta, Peru",4.6,1766795716389,-11.0998,-78.0904,37.994
"191 km S of Bengkulu, Indonesia",5.6,1766794951387,-5.5328,102.3143,10.0
"106 km ESE of Kokopo, Papua New Guinea",5.1,1766790145018,-4.5682,153.2003,88.23
"13 km SW of Obama, Japan",4.2,1766783376538,35.3964,135.6562,357.338
"111 km N of Yakutat, Alaska",4.2,1766783229470,60.5489,-139.7457,5.0
Fiji region,4.6,1766777272376,-20.6298,-178.552,616.527
"35 km E of Calama, Chile",4.5,1766775911476,-22.4972,-68.5805,109.006
south of the Fiji Islands,4.8,1766767264648,-26.0168,178.919,568.907
"42 km W of Campo Verde, Peru",4.8,1766766699355,-8.4377,-75.1957,128.247
"119 km WNW of Madang, Papua New Guinea",4.4,1766762992165,-4.8891,144.7642,99.677
"45 km S of Dampit, Indonesia",4.4,1766758778249,-8.6255,112.782,132.365
"Izu Islands, Japan region",4.8,1766745893530,29.0357,138.7343,492.571
"38 km WNW of Ollagüe, Chile",4.3,1766742656444,-21.0765,-68.5905,128.262
"136 km E of Alo, Wallis and Futuna",5.6,1766738167097,-14.4976,-176.8625,10.0
"Izu Islands, Japan region",4.3,1766736180015,30.3457,138.3942,427.731
"37 km NNW of Wewak, Papua New Guinea",4.4,1766735976517,-3.2176,143.5499,10.0
"64 km ENE of Blangpidie, Indonesia",4.2,1766735273383,3.9623,97.3735,9.98
"96 km ENE of Tadine, New Caledonia",4.9,1766735139252,-21.0771,168.6603,10.0
Mid-Indian Ridge,4.7,1766733246513,-16.2898,66.8529,10.0
Mid-Indian Ridge,4.5,1766733153963,-20.8871,68.3582,10.0
"71 km E of Lakatoro, Vanuatu",4.1,1766728057666,-16.0559,168.0852,262.614
"48 km NW of Calingasta, Argentina",4.4,1766727450177,-31.0094,-69.7696,117.329
"17 km N of Wewak, Papua New Guinea",4.6,1766726752737,-3.3888,143.6484,10.0
"79 km ENE of San Pedro de Atacama, Chile",4.2,1766724916225,-22.5211,-67.5523,171.161
Drake Passage,5.1,1766724241248,-60.2506,-61.856,10.0
central Mid-Atlantic Ridge,4.6,1766719757836,-0.4948,-20.0117,10.0
south of the Fiji Islands,4.4,1766718897302,-23.7781,179.867,539.321
"14 km NNE of Wewak, Papua New Guinea",4.1,1766718196450,-3.4284,143.6869,10.0
northern Mid-Atlantic Ridge,4.3,1766715194202,52.086,-30.5858,10.0
"176 km SE of Petropavlovsk-Kamchatsky, Russia",4.4,1766711721177,52.1319,160.7323,10.0
"50 km SSE of Severo-Kuril’sk, Russia",4.3,1766710817223,50.2714,156.439,56.548
"179 km SE of Perryville, Alaska",4.1,1766707786617,54.837,-157.03,13.5
"174 km SE of Perryville, Alaska",4.2,1766705882435,54.9129,-157.024,10.0
"27 km NW of Rāpar, India",4.6,1766703605421,23.7132,70.4226,10.0
"194 km N of Sola, Vanuatu",4.8,1766701750381,-12.128,167.3614,283.635
"40 km N of Finschhafen, Papua New Guinea",4.3,1766698405825,-6.1929,147.8485,47.888
"49 km SW of Ollagüe, Chile",4.0,1766698013042,-21.5415,-68.5951,147.012
"106 km WNW of Waisai, Indonesia",4.5,1766694376333,0.1711,129.64,10.0
"175 km W of Tigil’, Russia",4.9,1766691576800,57.8588,155.7394,10.0
"off the east coast of the Kamchatka Peninsula, Russia",4.5,1766691023266,52.4334,163.6378,10.0
"18 km SSW of Kokopo, Papua New Guinea",4.2,1766688761478,-4.5045,152.2189,104.384
"37 km E of Copiapó, Chile",4.2,1766687082321,-27.3008,-69.956,97.164
"25 km NNW of Castlepoint, New Zealand",4.5,1766686610284,-40.6856,176.1199,26.146
South Sandwich Islands region,4.6,1766682943098,-56.0161,-26.5191,34.327
"67 km E of Gorontalo, Indonesia",4.7,1766682105586,0.5079,123.6649,260.89
"94 km E of Mutsu, Japan",4.6,1766679952784,41.3153,142.3449,65.477
"99 km E of Yokohama, Japan",5.6,1766679462710,41.2222,142.418,61.607
"17 km NNW of Yingjiang, China",4.4,1766675981348,24.8622,97.8918,10.0
"133 km SE of Kuril’sk, Russia",4.8,1766668622028,44.302,148.947,52.622
south of the Fiji Islands,5.2,1766656635254,-26.4885,-176.3041,10.0
Scotia Sea,5.0,1766650487473,-61.1379,-36.4424,10.0
"51 km WSW of Atiquipa, Peru",4.4,1766645163965,-15.9267,-74.8234,31.464
south of the Fiji Islands,4.3,1766636975580,-22.1061,-179.5859,618.35
"191 km SSE of Vilyuchinsk, Russia",4.5,1766631652628,51.3119,159.3322,35.0
"197 km NNE of Bitung, Indonesia",4.4,1766630885413,3.1126,125.7545,132.816
"2 km SSE of Cepitá, Colombia",4.3,1766630306526,6.7302,-72.9652,161.406
"294 km WNW of Houma, Tonga",4.4,1766627454595,-20.3512,-177.9974,554.925
"79 km WSW of Vallenar, Chile",4.2,1766623133378,-28.8023,-71.5339,28.526
"107 km ESE of Shikotan, Russia",4.9,1766617209544,43.6166,148.0299,32.101
"226 km SW of Merizo Village, Guam",5.1,1766615852301,11.7877,143.2303,10.0
Norwegian Sea,5.1,1766615851187,72.1377,1.2825,10.0
Norwegian Sea,4.4,1766612688887,72.0949,1.0697,10.0
Reykjanes Ridge,4.9,1766612271147,58.3744,-32.2422,10.0
"17 km SW of Sangay, Philippines",4.1,1766610316296,6.3202,123.9547,539.225
southeast of the Loyalty Islands,4.3,1766606813948,-22.7731,170.8935,10.0
"81 km ESE of Yujing, Taiwan",4.3,1766605272201,22.9072,121.2203,9.13
"67 km SW of Jiquilillo, Nicaragua",4.3,1766604289023,12.3893,-87.9555,52.577
Reykjanes Ridge,4.6,1766602485060,58.3678,-32.2106,10.0
"218 km SW of Merizo Village, Guam",5.7,1766588435225,11.7649,143.364,10.0
"24 km S of Merizo Village, Guam",5.0,1766583238121,13.0455,144.6313,50.646
"16 km WNW of La Ligua, Chile",4.2,1766578698838,-32.4057,-71.3988,45.214
"177 km W of Neiafu, Tonga",4.4,1766578338353,-18.6761,-175.6667,275.894
south of the Fiji Islands,4.5,1766576079326,-24.1726,179.993,529.106
"100 km SSW of Atka, Alaska",4.8,1766573824439,51.4172,-174.9359,41.684
"2025 Taitung, Taiwan Earthquake",6.0,1766569626464,22.8505,121.2069,10.0
"16 km SSW of Calama, Chile",4.3,1766556611196,-22.5911,-68.9864,110.713
"127 km E of Barcelona, Philippines",4.7,1766555452056,8.3761,127.5725,10.0
"92 km SSE of Bengkulu, Indonesia",4.8,1766554231703,-4.6197,102.4545,59.634
"92 km N of Bamboo Flat, India",4.8,1766549387643,12.5373,92.7114,35.0
"33 km N of Kandrian, Papua New Guinea",4.0,1766545949653,-5.9028,149.5503,135.275
"149 km WSW of Al Mindak, Saudi Arabia",4.3,1766545224262,19.6484,39.9586,10.0
south of the Fiji Islands,4.1,1766544803684,-23.7281,179.9978,548.993
Fiji region,4.3,1766543199251,-18.0233,-177.7486,626.135
"183 km ENE of Tokār, Sudan",4.5,1766541353268,19.2908,39.2095,10.0
"23 km WNW of La Ligua, Chile",4.5,1766538320681,-32.3643,-71.4542,51.045
"103 km SE of Bushehr, Iran",4.1,1766529785916,28.3188,51.6007,10.0
"38 km NNE of Port-Olry, Vanuatu",5.6,1766522519526,-14.7032,167.1651,170.96
south of the Fiji Islands,4.5,1766521942119,-25.0349,179.7554,514.931
"206 km SSE of Vilyuchinsk, Russia",4.6,1766520209010,51.1924,159.475,10.0
"182 km SE of Severo-Kuril’sk, Russia",4.7,1766519356528,49.6145,158.0676,10.0
"84 km W of San Antonio de los Cobres, Argentina",4.1,1766512353410,-24.2731,-67.1443,157.292
"60 km E of Petropavlovsk-Kamchatsky, Russia",4.4,1766502283098,53.0792,159.5291,78.401
"140 km E of Fangale’ounga, Tonga",4.5,1766499578088,-19.5287,-173.008,10.0
"134 km WNW of Neiafu, Tonga",4.5,1766496056124,-18.1414,-175.1362,182.375
"93 km ESE of Shikotan, Russia",4.2,1766495970985,43.3943,147.7436,45.258
South Sandwich Islands region,4.9,1766492185964,-58.4066,-23.4475,10.0
"72 km SE of Ambon, Indonesia",4.5,1766488929935,-4.1352,128.6654,12.598
"119 km NNW of Finschhafen, Papua New Guinea",5.2,1766483693027,-5.5727,147.4108,196.726
"163 km S of Ōyama, Japan",5.2,1766483061788,33.1492,137.9363,336.946
"89 km WSW of Puerto Madero, Mexico",4.2,1766480965878,14.4288,-93.1924,34.589
"27 km S of Hualien City, Taiwan",4.8,1766475969541,23.7299,121.6344,35.977
"280 km E of Levuka, Fiji",4.3,1766471190149,-18.5095,-178.0743,465.66
"120 km E of Pirallahı, Azerbaijan",5.1,1766464355126,40.6877,51.7147,57.097
West Chile Rise,4.9,1766464288369,-41.2519,-84.6348,10.0
"54 km NNE of Sape, Indonesia",4.4,1766463035099,-8.1053,119.1657,9.121
Kermadec Islands region,4.7,1766462096188,-27.4541,-176.2772,10.0
"15 km NNW of Ollagüe, Chile",4.8,1766441088555,-21.1064,-68.3349,131.541
"6 km SSE of Kéfalos, Greece",4.2,1766437760177,36.6911,26.9985,146.168
"12 km W of Hiroo, Japan",4.2,1766433828432,42.2758,143.1513,65.468
"Kermadec Islands, New Zealand",4.5,1766430967570,-30.8182,-178.3896,42.415
"223 km NNE of Palu, Indonesia",4.6,1766429141373,0.9916,120.5479,596.654
"44 km W of Kandrian, Papua New Guinea",4.6,1766426603345,-6.2539,149.149,55.607
"90 km SW of San Juan del Sur, Nicaragua",4.3,1766426032373,10.7865,-86.5548,10.0
"179 km WSW of Tual, Indonesia",4.6,1766424540598,-6.1896,131.2316,67.326
"270 km W of Houma, Tonga",4.8,1766419352022,-21.1078,-177.9085,436.665
"45 km NNE of Luang Namtha, Laos",4.3,1766418359017,21.3014,101.6237,10.0
"107 km N of Yakutat, Alaska",4.4,1766415587300,60.5035,-140.0028,5.0
"198 km ESE of Kimbe, Papua New Guinea",4.9,1766412022479,-6.2285,151.7986,10.0
"154 km NNE of Hirara, Japan",4.9,1766407089746,25.9918,126.0972,92.397
"98 km N of Beitanzhuang, China",4.6,1766406680713,39.3959,114.3469,10.0
"87 km E of Petropavlovsk-Kamchatsky, Russia",4.3,1766402331026,52.957,159.9218,63.834
"45 km NNE of Goroka, Papua New Guinea",6.5,1766399487918,-5.7036,145.5368,107.0
"129 km NW of Ternate, Indonesia",4.1,1766397915480,1.4709,126.4328,58.006
"121 km E of Antofagasta, Chile",4.2,1766381802239,-23.5856,-69.2109,89.651
"90 km WSW of Puerto Madero, Mexico",4.6,1766370205126,14.3621,-93.1747,35.0
"93 km WSW of Puerto Madero, Mexico",5.2,1766370023189,14.3488,-93.1966,35.0
"144 km E of Barcelona, Philippines",4.6,1766366053210,8.3905,127.7205,10.0
South Sandwich Islands region,4.6,1766365674126,-55.2482,-27.3675,10.0
"10 km S of Iwaizumi, Japan",4.4,1766359984804,39.7525,141.8182,67.302
"144 km SSW of Kokopo, Papua New Guinea",5.3,1766358451620,-5.5392,151.7495,49.595
"271 km N of Saipan, Northern Mariana Islands",4.8,1766356017880,17.6459,146.0746,132.366
South Sandwich Islands region,4.8,1766355937235,-55.3529,-27.4001,15.923
south of Africa,4.5,1766353503768,-53.5331,24.905,10.0
"157 km E of Yigo Village, Guam",4.5,1766353240916,13.3812,146.3363,10.0
"112 km N of Yakutat, Alaska",4.1,1766352374066,60.5542,-139.7581,5.0
"114 km WNW of Aykol, China",4.2,1766351805732,41.3075,78.8586,10.0
"110 km S of Honchō, Japan",4.3,1766345557107,41.143,143.0842,41.623
"141 km E of Barcelona, Philippines",5.6,1766339636762,8.3269,127.7059,9.0
"84 km SW of Jiquilillo, Nicaragua",4.4,1766338917173,12.1739,-87.9686,38.535
"122 km W of Kirakira, Solomon Islands",4.9,1766337030328,-10.385,160.8038,13.993
"295 km ENE of Lospalos, Timor Leste",4.3,1766336580569,-7.1723,129.3087,151.324
"136 km SE of Kuril’sk, Russia",4.4,1766335544243,44.4729,149.2385,61.717
"95 km SW of Jiquilillo, Nicaragua",4.2,1766334833708,12.0948,-88.0283,35.0
"Izu Islands, Japan region",4.1,1766332242739,30.0004,138.8563,408.142
"148 km SSW of Kokopo, Papua New Guinea",4.9,1766327013447,-5.63,151.8978,53.45
"7 km ENE of Neiva, Colombia",4.1,1766325932344,2.9645,-75.2202,58.194
Balleny Islands region,5.0,1766322767995,-61.9909,161.4223,10.0
"42 km WNW of Ollagüe, Chile",4.2,1766321222381,-21.1315,-68.65,127.618
"129 km E of Bitung, Indonesia",5.6,1766319706994,1.4656,126.2882,54.947
"155 km ESE of San Jose Village, Northern Mariana Islands",4.5,1766312261838,14.3872,146.9368,10.0
"91 km ESE of Hualien City, Taiwan",4.4,1766311241219,23.7708,122.4699,10.0
"281 km WNW of Bandon, Oregon",4.5,1766311037089,43.7845,-127.7688,10.0
Kermadec Islands region,4.5,1766310389902,-28.9279,-176.8872,10.0
"Izu Islands, Japan region",4.4,1766309763915,30.1906,138.642,432.202
"43 km WNW of Campo Verde, Peru",4.1,1766305407130,-8.3905,-75.191,128.482
"24 km S of Serrezuela, Argentina",4.8,1766300543128,-30.8559,-65.4179,189.828
"140 km SE of Hasaki, Japan",5.1,1766300327794,34.7697,141.8354,10.0
"32 km SSE of Isen, Japan",4.2,1766299900730,27.4102,129.0743,38.417
"90 km SSW of Severo-Kuril’sk, Russia",4.0,1766299208854,49.8811,155.8327,93.441
"250 km ENE of Lospalos, Timor Leste",4.5,1766295718397,-7.3365,128.9356,151.05
"142 km SSW of Kokopo, Papua New Guinea",5.2,1766294725421,-5.5625,151.8606,33.352
"30 km SE of Rasht, Tajikistan",4.8,1766294104388,38.8378,70.6248,10.0
"102 km ESE of Shikotan, Russia",4.4,1766294079139,43.4728,147.9039,44.501
"78 km ESE of Shikotan, Russia",4.7,1766292429318,43.5908,147.6524,35.0
"106 km ESE of Shikotan, Russia",5.0,1766289818795,43.3719,147.8962,10.0
"106 km N of Yakutat, Alaska",4.4,1766289753052,60.4953,-139.895,5.0
"206 km SW of Tual, Indonesia",5.2,1766289728814,-6.7257,131.238,35.0
"103 km ESE of Shikotan, Russia",5.0,1766289160794,43.4104,147.8847,35.0
"114 km ESE of Shikotan, Russia",5.2,1766288879694,43.382,148.0115,10.0
"101 km ESE of Shikotan, Russia",4.3,1766288761364,43.5793,147.9402,35.0
"90 km ESE of Shikotan, Russia",4.8,1766288024321,43.5394,147.7812,35.0
"137 km ESE of Shikotan, Russia",4.3,1766286644799,43.2082,148.2215,10.0
"81 km NE of Cabatuan, Philippines",4.2,1766285348341,13.0963,125.6848,10.0
"222 km E of Levuka, Fiji",4.1,1766283970670,-18.0377,-178.5833,624.307
"83 km ESE of Shikotan, Russia",5.1,1766282738318,43.5958,147.717,35.0
"57 km ENE of Misawa, Japan",5.4,1766280543535,40.8014,142.0514,57.224
South Sandwich Islands region,4.5,1766279530804,-58.3225,-24.8998,24.446
"90 km NE of Shikotan, Russia",4.4,1766277204945,44.4737,147.3609,78.09
"86 km ESE of Shikotan, Russia",4.9,1766276761790,43.5603,147.7479,35.0
"88 km ESE of Shikotan, Russia",5.0,1766276546331,43.6227,147.7912,56.31
"100 km ESE of Shikotan, Russia",4.9,1766276341633,43.5316,147.9119,10.0
"241 km NNE of Hicks Bay, New Zealand",4.1,1766275322080,-35.5154,179.0807,10.0
"91 km ESE of Shikotan, Russia",4.8,1766274388368,43.6347,147.8298,10.0
"12 km WSW of Amorgós, Greece",4.0,1766272436133,36.7861,25.7763,10.0
"147 km E of Masamba, Indonesia",4.3,1766271563031,-2.5442,121.6574,10.0
"43 km SW of Ialibu, Papua New Guinea",4.3,1766265659818,-6.5413,143.6982,29.89
south of Africa,4.5,1766262712554,-52.3544,28.0513,10.0
"108 km SSE of Colchane, Chile",5.3,1766262624856,-20.1183,-68.1067,151.442
"14 km WSW of Punta de Bombón, Peru",4.2,1766261476949,-17.2313,-71.9149,72.708
"99 km SSW of Houma, Tonga",4.9,1766257704570,-22.001,-175.6772,73.286
South Sandwich Islands region,4.2,1766255270653,-60.2994,-25.4834,10.0
"90 km W of Tobelo, Indonesia",4.0,1766249372662,1.6029,127.2081,99.575
Balleny Islands region,4.3,1766247659602,-63.458,173.854,10.0
"95 km W of San Jose Village, Northern Mariana Islands",4.1,1766245877597,14.9206,144.7328,17.607
off the coast of Oregon,4.3,1766239509324,43.9588,-128.6435,10.0
"223 km SSE of Vilyuchinsk, Russia",4.4,1766238011329,51.081,159.6891,10.0
"159 km SSW of Pagar Alam, Indonesia",4.6,1766236406934,-5.2321,102.4614,34.436
"70 km SSE of Nemuro, Japan",5.2,1766235534590,42.752,145.9512,35.0
"25 km SSW of Puerto Cortés, Costa Rica",4.1,1766234631342,8.7445,-83.5964,36.54
"75 km SE of Nemuro, Japan",4.8,1766234034746,42.7784,146.1329,30.408
"75 km SSE of Nemuro, Japan",5.3,1766233832222,42.7172,145.9797,41.616
"126 km W of Gorontalo, Indonesia",5.0,1766226806018,0.4908,121.9251,121.632
Balleny Islands region,5.3,1766226303976,-63.7108,172.3365,10.0
Kermadec Islands region,4.6,1766215900449,-30.9679,-179.3514,199.19
south of the Fiji Islands,4.1,1766214752160,-24.3772,179.9373,531.152
Balleny Islands region,5.6,1766213829754,-63.8087,172.771,10.0
"61 km NE of Calingasta, Argentina",4.3,1766212176545,-30.9601,-68.9483,112.498
south of the Fiji Islands,4.2,1766210136733,-25.384,179.6597,520.876
"24 km NE of Santa Monica, Philippines",4.5,1766209951330,10.1964,126.1748,10.0
"55 km ESE of Shikotan, Russia",4.3,1766208815761,43.5911,147.3447,55.299
"8 km NW of Jand, Pakistan",4.3,1766205435458,33.4962,71.9641,10.0
"186 km SE of Vilyuchinsk, Russia",4.4,1766199034655,51.7563,160.359,10.0
"43 km SE of Unalaska, Alaska",4.3,1766193369101,53.5883,-166.0881,54.025
"182 km SE of Vilyuchinsk, Russia",4.9,1766190293729,51.7074,160.1951,22.427
"53 km SW of Panguna, Papua New Guinea",4.4,1766185645838,-6.6746,155.1661,10.0
"32 km NW of Archidona, Ecuador",5.1,1766181594515,-0.7114,-78.0227,10.0
"78 km S of Severo-Kuril’sk, Russia",4.4,1766181086555,49.9822,155.9471,76.485
"113 km E of Miyako, Japan",4.7,1766180407401,39.7195,143.2649,36.166
"26 km WNW of Agat Village, Guam",4.0,1766177807335,13.4712,144.4359,121.198
Fiji region,4.3,1766174193736,-19.0185,-177.4555,627.268
"141 km WNW of Hihifo, Tonga",4.6,1766173757372,-15.2859,-174.9259,243.231
"116 km SE of Petropavlovsk-Kamchatsky, Russia",4.2,1766167965265,52.2582,159.7259,50.987
Mariana Islands region,4.4,1766163321127,20.1401,148.0872,10.0
"80 km ENE of Hinatuan, Philippines",4.4,1766163084746,8.6086,127.0236,42.099
"99 km S of Kuril’sk, Russia",4.4,1766159151999,44.3318,147.9332,94.8
"38 km E of Baganga, Philippines",4.1,1766155894187,7.603,126.9087,35.051
Balleny Islands region,4.6,1766155810842,-63.6798,173.3616,10.0
"30 km W of Vilcanchos, Peru",4.1,1766154627470,-13.6156,-74.8094,83.827
Balleny Islands region,4.5,1766152279689,-63.6835,172.6283,10.0
"46 km SSW of Gerāsh, Iran",4.3,1766151532836,27.3099,53.8953,10.0
"Kermadec Islands, New Zealand",4.6,1766150947618,-29.3347,-177.8608,35.0
"273 km W of Houma, Tonga",4.4,1766149781791,-20.7525,-177.8981,458.82
"270 km SSE of Shimoda, Japan",4.7,1766148859425,32.4181,140.0522,145.105
"180 km E of Ozernovskiy, Russia",4.8,1766148855785,51.3041,159.0728,10.0
"113 km NE of Kuji, Japan",4.1,1766147874394,40.8936,142.7446,46.719
"133 km N of Baukau, Timor Leste",4.1,1766147818735,-7.2788,126.5952,330.724
"76 km W of San Antonio de los Cobres, Argentina",4.1,1766141513594,-24.2497,-67.076,224.824
"43 km SW of Puerto Madero, Mexico",4.6,1766135592715,14.4351,-92.6965,47.719
"125 km ENE of Kuji, Japan",4.0,1766133359342,40.8139,143.0055,44.87
"11 km NNE of Nahrīn, Afghanistan",4.6,1766126089785,36.1554,69.1865,10.0
"27 km NNE of Nahrīn, Afghanistan",5.3,1766122750142,36.2913,69.2473,35.0
"42 km N of Pagudpud, Philippines",4.4,1766122412711,18.9416,120.8161,31.531
"24 km ENE of Kinablangan, Philippines",4.9,1766121952803,7.7554,126.7636,64.549
"130 km NE of Labasa, Fiji",5.7,1766120418582,-15.7533,-179.6415,10.0
"123 km S of Honchō, Japan",4.0,1766120313478,41.0188,143.0447,53.098
"155 km N of Hirara, Japan",4.6,1766118954118,26.1958,125.128,185.198
"109 km ESE of Shikotan, Russia",4.3,1766118659248,43.424,147.9825,38.731
"188 km E of Levuka, Fiji",4.5,1766117088899,-17.9614,-178.9021,544.976
"48 km ENE of Hinatuan, Philippines",5.1,1766116960342,8.5784,126.7206,74.149
"167 km SE of Nikolski, Alaska",4.0,1766113566603,51.8415,-167.1854,10.0
"154 km ESE of Shikotan, Russia",4.4,1766107511415,43.0759,148.3479,10.0
"36 km W of Elfin Cove, Alaska",4.0,1766105640199,58.205,-136.96,5.0
"284 km WSW of Houma, Tonga",4.3,1766105399128,-21.9951,-177.9062,359.768
"92 km NW of Ambon, Indonesia",4.7,1766105135312,-3.182,127.5291,16.729
"52 km WSW of Ilioilio, Philippines",4.6,1766101386965,15.7751,119.3171,10.0
"82 km E of Petropavlovsk-Kamchatsky, Russia",4.3,1766100341363,53.0932,159.8619,51.355
"78 km W of Ollagüe, Chile",4.1,1766100175020,-21.113,-68.9959,113.218
"250 km SSE of Severo-Kuril’sk, Russia",4.8,1766098329014,48.5464,157.2603,10.0
"102 km WNW of Panguna, Papua New Guinea",4.6,1766097329403,-6.1334,154.5809,416.609
"83 km ESE of Manay, Philippines",4.7,1766092776111,6.883,127.2192,10.0
Balleny Islands region,5.2,1766088574644,-61.919,162.9338,10.0
"153 km SSE of Pondaguitan, Philippines",4.4,1766086377185,5.1478,126.8482,80.331
"133 km SSW of Lorengau, Papua New Guinea",4.1,1766083416707,-3.1926,146.9392,10.0
"24 km WSW of San Nicolas, Philippines",4.8,1766081226523,14.8483,119.8742,42.577
"62 km SSW of Champerico, Guatemala",4.4,1766078079790,13.7632,-92.0983,35.0
"85 km E of Shikotan, Russia",4.4,1766076959036,43.7031,147.7791,35.0
South Sandwich Islands region,4.5,1766069779248,-55.9284,-26.0252,10.0
"35 km SSE of Ust’-Kamchatsk Staryy, Russia",4.1,1766069763804,55.9265,162.6864,47.102
"99 km ESE of Shikotan, Russia",4.9,1766068958891,43.5116,147.8876,35.0
"31 km SE of Iwaki, Japan",4.2,1766066241549,36.8411,141.1242,61.334
"61 km W of Sinabang, Indonesia",4.2,1766065684797,2.5581,95.8302,33.799
"151 km WSW of Tual, Indonesia",4.4,1766063959025,-6.2536,131.5376,88.657
"93 km ESE of Petropavlovsk-Kamchatsky, Russia",5.9,1766061439411,52.8123,159.953,38.0
"20 km ENE of Hualien City, Taiwan",4.6,1766057570036,24.0702,121.7741,32.176
"176 km SSE of Vilyuchinsk, Russia",4.3,1766056783955,51.5468,159.6746,44.532
"Bonin Islands, Japan region",4.4,1766056531698,27.9608,142.7311,10.0
"44 km NE of Sibolga, Indonesia",4.4,1766054704736,2.0198,99.0703,145.075
"87 km E of Shikotan, Russia",4.2,1766051664472,43.754,147.8069,10.0
"71 km SE of Kokopo, Papua New Guinea",4.4,1766044045196,-4.7558,152.7685,50.626
"93 km SW of Basco, Philippines",4.5,1766043211681,19.8566,121.3308,39.251
"92 km SW of Basco, Philippines",5.5,1766042864896,19.9353,121.2672,18.0
"230 km ESE of Severo-Kuril’sk, Russia",4.4,1766042705714,50.0947,159.2446,10.0
"72 km E of Bitung, Indonesia",5.0,1766035817659,1.3857,125.7798,65.736
"100 km E of Miyako, Japan",4.6,1766035211019,39.8128,143.098,41.582
"82 km S of Pundong, Indonesia",4.4,1766031769808,-8.6951,110.3162,75.672
"75 km NNW of Nuku‘alofa, Tonga",4.9,1766030056247,-20.4745,-175.3687,173.019
"42 km SW of Reuleuet, Indonesia",4.6,1766029235919,4.9696,95.9887,10.0
"201 km ESE of Ozernovskiy, Russia",4.3,1766027467920,51.1507,159.343,10.0
"110 km E of Yamada, Japan",4.3,1766027126249,39.4427,143.2367,35.0
"61 km E of Chuquitira, Peru",4.2,1766024366612,-17.3134,-69.466,177.241
"91 km S of Isangel, Vanuatu",5.2,1766023172447,-20.3697,169.2956,61.494
"104 km SSE of Vilyuchinsk, Russia",4.1,1766022484217,52.1365,159.2386,48.513
"104 km ENE of Miyako, Japan",4.7,1766019041855,39.8616,143.1285,40.367
"29 km ESE of Sarupathar, India",4.6,1766018072495,26.0947,97.083,10.0
"143 km SSE of Burica, Panama",5.6,1766012866296,6.7733,-82.5696,10.0
"155 km SSE of Vilyuchinsk, Russia",4.3,1766011462761,51.6286,159.2284,43.574
"232 km SSE of Ambon, Indonesia",4.1,1766010790610,-5.4565,129.3221,258.806
"84 km SSE of Port-Vila, Vanuatu",5.0,1766010607097,-18.4597,168.5712,95.052
"9 km SE of Babino Polje, Croatia",4.4,1766009266126,42.6832,17.6545,10.0
"49 km SE of Porto Martins, Portugal",4.5,1766007755141,38.3638,-26.6536,11.492
"155 km S of Alo, Wallis and Futuna",4.1,1766002858523,-15.7027,-177.938,438.779
"77 km SSE of Kuqa, China",4.5,1765998107805,41.0658,83.2521,10.0
"278 km SSE of Alo, Wallis and Futuna",5.4,1765992208291,-16.7324,-177.4109,400.264
"70 km SSW of Hihifo, Tonga",4.4,1765991307271,-16.543,-174.0424,164.566
South Sandwich Islands region,5.7,1765991157414,-58.6464,-25.295,35.0
"157 km SSW of Teluk Dalam, Indonesia",4.5,1765986485723,-0.6773,97.1344,10.0
South Indian Ocean,4.6,1765985651970,-10.2536,91.0785,10.0
"285 km E of Yamada, Japan",4.3,1765984610165,39.105,145.2308,10.0
south of the Fiji Islands,4.5,1765978036272,-23.8906,179.5894,556.2
"Bonin Islands, Japan region",4.3,1765972862910,27.5427,139.8854,486.645
"34 km ENE of Barkhan, Pakistan",4.4,1765971794769,30.0712,69.8249,10.0
"Pagan region, Northern Mariana Islands",4.5,1765967447283,18.6559,145.5107,227.258
Carlsberg Ridge,4.3,1765967081911,-0.4941,67.5628,10.0
"94 km E of Mutsu, Japan",5.0,1765965018556,41.2916,142.346,51.965
"83 km ENE of Manokwari, Indonesia",4.3,1765964552398,-0.5648,134.7547,21.378
"176 km NE of Lospalos, Timor Leste",4.3,1765961517727,-7.5435,128.2641,152.143
"67 km S of Puerto El Triunfo, El Salvador",4.3,1765955866357,12.6793,-88.4711,62.909
"80 km SE of Gorontalo, Indonesia",4.3,1765953747323,0.0096,123.5546,137.497
Chagos Archipelago region,4.6,1765951254362,-5.3724,68.6478,10.0
"122 km ESE of Shikotan, Russia",4.6,1765949267286,43.4286,148.1529,10.0
"105 km ESE of Shikotan, Russia",4.1,1765946501428,43.3932,147.9077,35.0
"30 km NNW of Yaguaraparo, Venezuela",4.0,1765946360086,10.8074,-62.9704,122.966
"23 km NW of Jiangyou, China",4.3,1765945480169,31.9149,104.5459,10.0
"102 km N of Finschhafen, Papua New Guinea",4.4,1765941183021,-5.6327,147.7505,181.355
"170 km ESE of Tatsugō, Japan",4.7,1765939417474,27.8628,131.2057,10.0
"147 km E of Kuril’sk, Russia",4.5,1765936085241,45.162,149.7545,104.275
"96 km E of Shikotan, Russia",5.2,1765935851862,43.7129,147.9133,10.0
east of the Kuril Islands,4.4,1765935626263,46.7344,155.6465,39.092
"146 km E of Ozernovskiy, Russia",4.4,1765935421151,51.6082,158.6018,70.566
"17 km NNE of Kırıkhan, Turkey",4.1,1765934109462,36.6364,36.4572,10.0
"112 km WNW of Mohr, Iran",4.1,1765929350768,27.9134,51.8213,10.0
"258 km ESE of Chiniak, Alaska",5.0,1765928125281,56.3789,-148.6739,9.697
"160 km SE of Kuril’sk, Russia",5.1,1765928054658,44.3837,149.5287,35.0
"93 km WNW of Tobelo, Indonesia",4.4,1765924181121,2.0579,127.2379,88.129
"62 km ENE of Hachinohe, Japan",4.3,1765924118457,40.7972,142.1268,58.921
"159 km SSW of Al Hufūf, Saudi Arabia",4.0,1765923083651,23.9928,49.1093,10.0
"150 km NNE of Aksu, China",4.2,1765920755926,42.3604,81.1837,10.0
"199 km SSE of Shimoda, Japan",4.2,1765919350505,32.9767,139.6336,192.741
south of the Fiji Islands,4.2,1765916980146,-23.4783,179.7963,554.606
"70 km WSW of Kuril’sk, Russia",4.0,1765912729059,45.0014,147.0375,127.432
"119 km ESE of Shikotan, Russia",4.6,1765906059569,43.3963,148.0922,10.0
"114 km ENE of Hihifo, Tonga",4.7,1765905563929,-15.556,-172.8115,10.0
Fiji region,4.4,1765903427829,-18.3819,-177.7835,568.771
"137 km SSW of Pagar Alam, Indonesia",4.1,1765902581095,-5.1266,102.6714,38.826
"68 km SSE of Panguna, Papua New Guinea",4.6,1765900164206,-6.9036,155.6917,35.0
"17 km SW of Pos’yet, Russia",4.4,1765895922997,42.539,130.6594,575.724
"191 km SW of Methóni, Greece",4.0,1765893894159,35.4073,20.488,38.482
southern Mid-Atlantic Ridge,4.6,1765893162264,-43.5631,-16.1095,10.0
southern Mid-Atlantic Ridge,5.0,1765892724885,-43.7809,-16.2259,10.0
southern Mid-Atlantic Ridge,5.1,1765892655042,-43.6591,-16.3214,10.0
"164 km SW of Houma, Tonga",4.8,1765891318519,-22.2752,-176.3666,10.0
"5 km SW of Santa Rita Aplaya, Philippines",4.4,1765890828991,13.7314,120.9981,10.0
"8 km NE of Muratpaşa, Turkey",4.1,1765890661688,36.9515,30.8279,105.95
"71 km SW of Lithakiá, Greece",4.2,1765886199710,37.2698,20.2582,48.856
south of the Fiji Islands,4.9,1765885173426,-25.9649,179.6835,508.72
Kuril Islands,4.5,1765879729465,48.1893,153.2737,140.047
"190 km SSE of Vilyuchinsk, Russia",4.7,1765877444895,51.3192,159.3399,29.101
"213 km SE of Kirakira, Solomon Islands",5.2,1765876725057,-11.6932,163.4164,10.0
"31 km ESE of Los Andes, Chile",4.5,1765870961980,-32.9637,-70.3023,114.605
"299 km E of Levuka, Fiji",4.4,1765870379138,-18.0453,-177.8588,620.421
"86 km NE of Otrada, Russia",4.2,1765867222341,44.7058,146.4943,156.664
"29 km SE of Copiapó, Chile",4.1,1765865410401,-27.5598,-70.1251,91.382
"10 km NNW of Katobu, Indonesia",4.4,1765863689993,-4.7414,122.6823,10.0
"131 km NE of Kuji, Japan",5.1,1765863527676,40.8936,143.0119,10.0
"15 km SSW of El Rosario, Nicaragua",4.5,1765860952171,11.6461,-86.4167,87.746
"160 km ESE of Petropavlovsk-Kamchatsky, Russia",4.1,1765859110518,52.3467,160.6799,10.0
central Mid-Atlantic Ridge,4.5,1765856556889,0.853,-29.6642,10.0
"29 km S of Ōfunato, Japan",4.5,1765853135766,38.8057,141.7486,94.269
"61 km NE of Calama, Chile",4.0,1765851109547,-22.0283,-68.5443,117.636
"71 km N of Port-Vila, Vanuatu",4.2,1765845780974,-17.1006,168.4113,215.635
"28 km NE of Palora, Ecuador",4.1,1765845040757,-1.5529,-77.7537,181.434
"70 km WSW of Lithakiá, Greece",5.4,1765842107437,37.4097,20.1314,16.436
"81 km SSE of San Jose Village, Northern Mariana Islands",5.6,1765839974167,14.2575,145.8168,97.359
"68 km S of Atiquipa, Peru",4.0,1765837190709,-16.4174,-74.3964,28.628
"123 km S of Honchō, Japan",4.4,1765835089494,41.02,142.8972,41.31
Banda Sea,4.3,1765831856245,-6.2417,130.006,159.763
"38 km NW of Gadani, Pakistan",4.8,1765828259270,25.405,66.512,10.0
Southwest Indian Ridge,5.0,1765828111030,-28.3037,62.7506,10.0
"230 km SE of Petropavlovsk-Kamchatsky, Russia",5.7,1765827187423,51.7083,161.1959,34.0
"57 km SSE of Adak, Alaska",4.9,1765821831843,51.383,-176.3758,42.421
"58 km E of Arica, Chile",4.3,1765814689544,-18.5726,-69.7518,126.799
"81 km E of Shikotan, Russia",4.4,1765813639299,43.7417,147.7272,10.0
Scotia Sea,4.7,1765810327188,-60.7713,-51.9006,10.0
Fiji region,4.2,1765808464903,-19.6384,-177.7592,585.953
"3 km E of Mangatainoka, New Zealand",4.0,1765800308336,-40.4194,175.8995,38.186
"36 km N of Severomuysk, Russia",4.3,1765797600771,56.4736,113.4967,10.0
southern Mid-Atlantic Ridge,4.8,1765797064560,-46.9301,-13.7452,10.0
"81 km S of Jatiroto, Indonesia",4.1,1765796089612,-8.6197,111.0938,115.431
southern Mid-Atlantic Ridge,4.5,1765795375758,-47.2927,-13.4534,10.0
"217 km SSW of Severo-Kuril’sk, Russia",4.5,1765791074596,48.8886,154.8832,85.256
"156 km ESE of Carrozziere, Italy",4.2,1765789880344,36.5712,16.9247,10.0
"82 km ESE of Teluk Dalam, Indonesia",4.4,1765789594531,0.2561,98.4728,41.103
"49 km WSW of Ovalle, Chile",4.7,1765788694321,-30.6923,-71.7087,26.848
"184 km SE of Petropavlovsk-Kamchatsky, Russia",5.3,1765786276123,51.8362,160.4527,10.0
Fiji region,4.9,1765784638718,-20.673,-178.5956,603.163
"126 km SE of Lukatan, Philippines",4.6,1765781434262,6.3466,127.3576,10.0
"78 km N of Calama, Chile",4.2,1765781231446,-21.7442,-68.9232,96.382
southeast Indian Ridge,4.6,1765777999419,-47.2853,97.2931,10.0
southeast Indian Ridge,4.4,1765777043392,-47.3288,97.6416,10.0
southeast Indian Ridge,4.6,1765776186729,-47.4548,97.5199,10.0
southeast Indian Ridge,4.4,1765776133469,-47.1298,97.264,10.0
southeast Indian Ridge,4.4,1765775343507,-47.2472,97.1715,10.0
"21 km ENE of Lapuan, Philippines",4.4,1765773048273,6.2254,125.8788,125.466
"164 km S of La Libertad, El Salvador",4.2,1765769367655,11.9988,-89.3955,10.0
"171 km N of Masohi, Indonesia",4.4,1765764719680,-1.7712,128.6834,10.0
"154 km WNW of Corral, Chile",4.3,1765759971860,-39.3222,-75.076,10.0
South Sandwich Islands region,5.3,1765759394974,-58.7745,-25.6748,71.668
"30 km WSW of Nemuro, Japan",4.3,1765755847235,43.2701,145.2114,35.0
"6 km W of Glen Ellen, CA",4.03,1765755043210,38.373,-122.604,3.13
"169 km S of Wonosari, Indonesia",4.0,1765754774697,-9.4878,110.4116,10.0
"50 km WNW of San Antonio de los Cobres, Argentina",4.3,1765754644484,-24.1137,-66.7998,198.342
"70 km E of Noda, Japan",4.1,1765750764017,40.0424,142.638,40.977
"210 km N of Sola, Vanuatu",4.2,1765745192956,-11.9882,167.8248,332.414
"97 km SW of Basco, Philippines",4.6,1765744507263,19.7558,121.3942,20.518
"11 km SW of Palora, Ecuador",4.5,1765743822032,-1.7675,-78.0415,155.618
"21 km NNW of Hakui, Japan",4.9,1765739016348,37.0518,136.6567,7.591
"106 km SSW of Honchō, Japan",4.7,1765735768080,41.1977,142.6177,45.719
Drake Passage,4.8,1765727658757,-59.3012,-60.2417,10.0
"53 km ENE of Misawa, Japan",4.1,1765724037330,40.934,141.9271,63.546
"25 km NNW of Hakui, Japan",4.8,1765722414678,37.0762,136.6323,35.0
"81 km ENE of Mutsu, Japan",4.3,1765720182740,41.4541,142.1713,60.966
"156 km ENE of Bitung, Indonesia",5.1,1765713807070,1.9913,126.4277,54.045
"147 km N of Metinaro, Timor Leste",4.6,1765713342575,-7.1995,125.6981,504.307
"131 km SSW of Severo-Kuril’sk, Russia",4.8,1765709425277,49.5245,155.7098,87.713
"174 km NW of Sola, Vanuatu",4.4,1765709041863,-12.6786,166.5107,73.569
southeast of Easter Island,5.4,1765705482164,-35.8507,-102.4356,10.0
"42 km SW of Tari, Papua New Guinea",4.4,1765704770655,-6.096,142.6566,10.0
Pacific-Antarctic Ridge,4.6,1765704190581,-58.9791,-149.8336,10.0
southern Mid-Atlantic Ridge,4.6,1765703915356,-43.7903,-16.0949,10.0
Pacific-Antarctic Ridge,4.8,1765703077257,-59.9209,-151.1211,10.0
"51 km NE of Hachinohe, Japan",4.1,1765702281210,40.7657,141.9948,57.69
South Sandwich Islands region,4.2,1765701494161,-59.2854,-24.9625,10.0
"145 km E of Miyako, Japan",5.0,1765699091223,39.8072,143.6256,10.0
"180 km ENE of Tual, Indonesia",4.5,1765695617501,-4.8068,134.1588,10.0
"Bonin Islands, Japan region",4.7,1765695038296,27.945,140.802,10.0
"158 km SSE of Longyearbyen, Svalbard and Jan Mayen",4.0,1765693601343,76.8813,17.7424,10.0
West Chile Rise,4.6,1765691507361,-43.0653,-82.4902,10.0
"22 km NW of Ollagüe, Chile",4.1,1765683269564,-21.0632,-68.3817,141.939
"72 km SW of Basco, Philippines",4.4,1765681800950,20.0407,121.4317,35.0
"111 km N of Yakutat, Alaska",4.2,1765676185451,60.5366,-139.9898,5.0
"117 km WNW of Bengkulu, Indonesia",5.2,1765673895106,-3.2368,101.3683,58.687
"78 km W of Tobelo, Indonesia",4.4,1765673744718,1.5998,127.3177,122.004
"195 km SE of Severo-Kuril’sk, Russia",4.4,1765671640753,49.717,158.4175,10.0
"159 km ENE of Noda, Japan",4.2,1765667354146,40.4899,143.6278,28.747
"16 km S of Tomioka, Japan",4.4,1765666378062,37.183,141.0446,60.182
"241 km ENE of Lospalos, Timor Leste",4.1,1765665731824,-7.3932,128.8747,168.354
"168 km ENE of Noda, Japan",4.5,1765662577347,40.6117,143.6865,32.054
"92 km SSW of Puerto San José, Guatemala",4.7,1765660900811,13.2092,-91.2553,10.0
"139 km S of Hihifo, Tonga",4.0,1765658833900,-17.1914,-174.0296,126.222
"128 km WSW of Gorontalo, Indonesia",4.7,1765656581623,0.1486,121.9721,199.306
"Volcano Islands, Japan region",4.3,1765653546561,22.4915,144.2289,44.863
"33 km NW of Binabalian, Philippines",4.6,1765652979912,16.6492,119.729,10.0
"159 km NNW of Sola, Vanuatu",4.7,1765652034255,-12.5365,167.0174,201.186
"64 km SSE of Soe, Indonesia",4.4,1765649737904,-10.4067,124.4798,10.0
"38 km ENE of Hualien City, Taiwan",4.1,1765648715236,24.1435,121.9403,32.908
"Pagan region, Northern Mariana Islands",4.2,1765646086680,18.8319,146.0976,116.375
"152 km S of Abepura, Indonesia",4.1,1765644402306,-3.9733,140.7437,63.278
"83 km SSE of Pondaguitan, Philippines",4.5,1765643648704,5.6678,126.4752,99.491
"60 km N of Barkhan, Pakistan",4.4,1765641212948,30.4466,69.518,37.479
south of the Fiji Islands,4.1,1765639234064,-24.0778,179.7929,535.224
"46 km NW of San Antonio de los Cobres, Argentina",4.3,1765637066635,-23.9419,-66.6591,206.061
Reykjanes Ridge,4.5,1765636238295,57.3297,-32.9584,10.0
South Sandwich Islands region,5.0,1765634673462,-59.0406,-25.829,69.658
"140 km WNW of Sabang, Indonesia",4.3,1765633531103,6.4483,94.1726,78.481
"19 km NE of Barkhan, Pakistan",4.4,1765631695780,30.035,69.6437,10.0
"222 km ENE of Levuka, Fiji",4.2,1765631371455,-17.3385,-178.7291,560.43
"295 km E of Port Mathurin, Mauritius",4.3,1765628376254,-20.0679,66.208,10.0
"75 km W of Ollagüe, Chile",5.4,1765628325823,-21.2293,-68.984,90.292
"205 km E of Levuka, Fiji",4.3,1765626401829,-17.8062,-178.7594,564.786
"134 km NW of Manado, Indonesia",4.3,1765626272733,2.2496,123.9124,355.442
southeast of the Loyalty Islands,4.6,1765624386082,-22.581,171.0902,62.341
"Rat Islands, Aleutian Islands, Alaska",5.5,1765623060036,52.1512,178.3529,108.0
"9 km SSW of San Miguel, Ecuador",4.5,1765618852664,-1.7906,-79.0755,10.0
"140 km SE of Port Blair, India",4.2,1765606689957,10.9166,93.7806,167.634
"76 km ENE of Misawa, Japan",4.6,1765605584006,41.0241,142.1743,66.79
"188 km ENE of Levuka, Fiji",4.4,1765603139737,-17.6163,-178.9715,545.413
"284 km WNW of Houma, Tonga",4.4,1765600267789,-20.6232,-177.9692,515.368
North Atlantic Ocean,4.3,1765594999737,6.7996,-46.4776,10.0
"41 km E of Baganga, Philippines",4.4,1765591317750,7.6037,126.9374,35.0
"161 km E of Beauséjour, Guadeloupe",4.3,1765588825009,16.3711,-59.5654,10.0
"99 km SSW of Urakawa, Japan",4.3,1765582902244,41.2835,142.4972,48.346
"27 km W of Mianzhu, Deyang, Sichuan, China",4.4,1765579936711,31.3103,103.9332,10.0
"109 km E of Barcelona, Philippines",4.9,1765570434992,8.2727,127.4169,10.0
"202 km SE of Kushimoto, Japan",5.3,1765566192415,32.3881,137.523,367.01
"102 km SSW of Nikolski, Alaska",4.8,1765563297495,52.0654,-169.3422,13.442
"57 km ENE of Severo-Kuril’sk, Russia",5.2,1765561394444,50.8904,156.8617,78.899
"16 km WSW of Fef, Indonesia",4.0,1765560732005,-0.8814,132.2985,39.418
"20 km S of Koloni, Cyprus",4.2,1765560016372,34.5682,32.4728,10.0
"28 km WSW of Balaklava, Ukraine",4.1,1765559596338,44.404,33.2724,9.359
"119 km N of Yakutat, Alaska",4.2,1765558771086,60.6064,-140.0927,5.0
Mid-Indian Ridge,5.0,1765553667382,-31.4451,78.9003,10.0
"106 km S of Severo-Kuril’sk, Russia",4.3,1765552814705,49.7307,155.9237,68.412
"146 km E of Masohi, Indonesia",4.6,1765550996070,-3.0501,130.262,26.245
"79 km SE of Zepu, China",4.4,1765549330906,37.642,77.8563,10.0
"148 km SSW of Bengkulu, Indonesia",4.4,1765548932469,-5.0344,101.7423,10.0
"130 km S of Honchō, Japan",4.0,1765548566839,40.957,143.0467,44.77
South Sandwich Islands region,5.1,1765547756732,-59.6349,-26.2964,61.338
"113 km S of Honchō, Japan",4.1,1765542268330,41.1082,142.9076,57.545
south of the Fiji Islands,4.2,1765541376474,-23.5484,179.9739,525.631
"97 km SSW of Urakawa, Japan",4.2,1765539956045,41.3078,142.4867,47.618
"81 km SE of Sarangani, Philippines",4.3,1765539910288,4.9649,126.051,76.493
"127 km ENE of Nuuk, Greenland",4.4,1765534634338,64.7126,-49.3631,10.0
"120 km S of Honchō, Japan",4.3,1765534475463,41.04,142.8684,44.744
south of Tonga,4.9,1765534160299,-26.7074,-175.8669,10.0
south of Tonga,4.5,1765533936569,-26.6535,-175.638,10.0
"10 km NNW of Ishige, Japan",4.7,1765533921410,36.207,139.935,70.256
Kermadec Islands region,4.4,1765533548582,-27.0006,-176.2579,35.0
south of the Fiji Islands,4.3,1765530886454,-23.8747,-179.8676,503.624
south of the Fiji Islands,4.5,1765529228505,-26.9572,-176.4619,42.53
"163 km S of Ust’-Kamchatsk Staryy, Russia",4.3,1765527556048,54.7835,162.0226,59.598
"106 km E of Yokohama, Japan",4.6,1765526143106,41.1488,142.516,60.68
"121 km S of Honchō, Japan",4.2,1765523111367,41.0317,142.9382,47.861
"76 km ESE of Pondaguitan, Philippines",4.4,1765521640754,5.9979,126.7703,95.212
"132 km S of Severo-Kuril’sk, Russia",4.1,1765518798312,49.4872,156.3144,35.049
"118 km ENE of Hachinohe, Japan",4.2,1765516918304,40.9861,142.7521,42.016
"126 km NE of Kuji, Japan",4.6,1765515502803,40.8435,142.9824,35.0
"115 km WSW of Gorontalo, Indonesia",4.8,1765513762093,0.2625,122.0601,180.452
"44 km NNW of Bandar Abbas, Iran",4.2,1765512418363,27.5753,56.1775,35.0
"178 km E of Petropavlovsk-Kamchatsky, Russia",4.2,1765511571627,53.0246,161.2832,25.204
"131 km S of Honchō, Japan",4.7,1765509972443,40.944,143.0009,38.881
"124 km S of Honchō, Japan",5.5,1765509699757,41.0117,142.928,35.109
"219 km E of Levuka, Fiji",4.3,1765509087767,-17.8596,-178.6221,607.156
"126 km NE of Kuji, Japan",4.6,1765508795563,40.9483,142.877,35.0
"97 km WSW of Turpan, China",4.5,1765508697603,42.5481,88.1162,10.0
"Volcano Islands, Japan region",4.6,1765508001985,22.8936,143.7755,40.888
"111 km NE of Kuji, Japan",6.7,1765507452662,40.8342,142.7767,19.0
"29 km WSW of Atico, Peru",4.5,1765500378153,-16.3051,-73.8752,24.142
"171 km E of Noda, Japan",4.1,1765500374125,40.3695,143.8063,10.0
"89 km S of Acajutla, El Salvador",4.3,1765500005484,12.7869,-89.8868,10.0
"264 km SSE of Severo-Kuril’sk, Russia",5.0,1765499126009,48.4112,157.2249,10.0
"133 km ENE of Kuji, Japan",4.1,1765497261455,40.8351,143.0935,35.339
"106 km SSE of Gul’cha, Kyrgyzstan",4.3,1765493562516,39.4366,73.9333,10.0
"111 km S of Honchō, Japan",5.0,1765490959485,41.1264,142.8124,28.976
"258 km E of Levuka, Fiji",5.1,1765490888665,-18.1107,-178.2408,575.904
"24 km E of Yokohama, Japan",4.3,1765489205302,41.0789,141.5385,85.327
Fiji region,4.1,1765486822031,-17.758,-176.8844,385.124
"80 km ESE of Finschhafen, Papua New Guinea",4.9,1765486581686,-6.9338,148.4706,27.434
southern East Pacific Rise,4.7,1765483328910,-34.803,-109.2545,10.0
"59 km ENE of Khorugh, Tajikistan",4.2,1765481147617,37.6452,72.2002,187.375
"110 km N of Yakutat, Alaska",4.3,1765480844145,60.5383,-139.9131,5.867
"57 km NNW of Fef, Indonesia",4.3,1765478268327,-0.3219,132.261,10.0
"98 km SSW of Honchō, Japan",4.8,1765476665710,41.2718,142.6321,43.073
"38 km SW of Shuanglong, China",4.7,1765473513784,28.2337,104.0375,16.687
"89 km S of Acajutla, El Salvador",4.8,1765473513313,12.7888,-89.9533,30.987
"87 km S of Honchō, Japan",4.4,1765472660169,41.3422,142.9552,49.785
"43 km ESE of Nikolski, Alaska",4.4,1765470181806,52.7348,-168.3029,35.0
"19 km E of Yujing, Taiwan",4.7,1765466380693,23.1407,120.6469,10.0
"5 km E of Yujing, Taiwan",4.5,1765464541223,23.1147,120.5185,10.0
Kuril Islands,4.4,1765464538562,47.7371,152.4835,138.606
"54 km S of Baubau, Indonesia",4.4,1765464128763,-5.9533,122.5619,21.895
western Xizang,5.1,1765454361639,32.9051,88.6265,10.0
Azores Islands region,4.6,1765451638245,35.2157,-34.7911,10.0
Scotia Sea,4.9,1765450872803,-61.2388,-36.4468,10.0
"60 km ESE of Pangai, Tonga",4.9,1765449468184,-20.0686,-173.839,10.0
"40 km S of Honchō, Japan",4.0,1765447934111,41.7642,142.9023,61.935
"68 km ENE of Aras-asan, Philippines",4.4,1765443399301,9.126,126.8851,10.0
"13 km ENE of Sındırgı, Turkey",4.5,1765436774533,39.2885,28.3186,10.0
"92 km SW of Basco, Philippines",4.0,1765435327689,19.8145,121.392,67.151
"285 km WSW of Olonkinbyen, Svalbard and Jan Mayen",4.3,1765431645421,70.0212,-15.8857,10.0
"17 km NNE of La Ligua, Chile",4.1,1765422436153,-32.3033,-71.1697,81.874
"106 km E of Yokohama, Japan",4.0,1765419744172,41.197,142.5052,49.256
"131 km NE of Kuji, Japan",4.5,1765416177863,40.8561,143.057,42.754
"210 km SSE of Alo, Wallis and Futuna",4.4,1765408507943,-16.0175,-177.2411,429.605
"159 km SE of Kirakira, Solomon Islands",4.2,1765408120339,-11.3425,163.0711,10.0
"148 km NNE of Ambler, Alaska",4.2,1765405031750,68.308,-156.462,0.5
"23 km SSW of Qingnian, China",4.5,1765397219123,36.6426,115.6142,10.0
"Izu Islands, Japan region",4.0,1765396948537,29.6455,141.9378,30.674
"85 km WNW of Arauco, Chile",4.0,1765396804364,-36.9195,-74.1943,10.0
"35 km SW of Illapel, Chile",4.4,1765381742383,-31.8201,-71.4676,43.266
Kermadec Islands region,4.5,1765378407994,-27.6633,-177.8685,192.961
"108 km ENE of Hachinohe, Japan",5.7,1765378344118,40.9018,142.6725,33.0
"242 km SE of Severo-Kuril’sk, Russia",4.3,1765377299225,48.968,158.2315,10.0
"99 km NNE of Lorengau, Papua New Guinea",4.4,1765377100740,-1.1916,147.5797,10.0
"160 km ESE of Pondaguitan, Philippines",4.5,1765375759257,6.0139,127.5901,10.0
"97 km E of Yokohama, Japan",4.5,1765375290025,41.219,142.4005,50.834
South Sandwich Islands region,4.4,1765374180422,-56.9272,-26.5621,96.912
"66 km W of Panguna, Papua New Guinea",5.1,1765373415673,-6.3904,154.8914,87.791
"121 km N of Yakutat, Alaska",4.7,1765366112988,60.6249,-139.9973,5.942
"222 km SSE of Alo, Wallis and Futuna",4.3,1765365421541,-16.2769,-177.683,10.0
"120 km N of Yakutat, Alaska",4.0,1765364321577,60.6272,-139.9301,1.416
"142 km E of Yamada, Japan",4.7,1765364112096,39.3511,143.602,10.0
"117 km N of Yakutat, Alaska",4.3,1765360217020,60.5945,-139.9977,5.0
"33 km E of Shwebo, Burma (Myanmar)",4.7,1765359335862,22.5952,96.0249,10.0
"262 km SW of Severo-Kuril’sk, Russia",4.4,1765358731628,48.9237,153.6849,161.796
"6 km WNW of Cepitá, Colombia",5.5,1765355228631,6.7679,-73.0303,164.618
"80 km NW of Kimbe, Papua New Guinea",4.4,1765354223948,-5.0624,149.6006,393.853
"106 km WSW of Banda Aceh, Indonesia",4.9,1765352579419,5.3113,94.4019,42.621
"9 km SW of Lapinigan, Philippines",4.4,1765352463846,8.346,125.9317,35.0
South Sandwich Islands region,4.3,1765352031431,-59.4211,-25.4353,10.0
"67 km WSW of Vallenar, Chile",5.2,1765348706810,-28.8423,-71.3853,44.747
"113 km ENE of Misawa, Japan",4.5,1765347829788,41.0148,142.6678,51.628
"Volcano Islands, Japan region",4.8,1765343929584,23.2217,143.6223,42.436
"126 km WNW of Houma, Tonga",4.3,1765343557615,-20.7068,-176.4087,263.411
"283 km WNW of Houma, Tonga",4.2,1765339632018,-20.3002,-177.8617,523.293
"Kepulauan Babar, Indonesia",4.3,1765331261841,-7.2997,129.7215,127.354
south of the Kermadec Islands,4.4,1765330576895,-32.6436,-177.9727,10.0
"20 km ENE of Vinchina, Argentina",4.4,1765325725618,-28.6627,-68.0306,89.076
"85 km ESE of Severo-Kuril’sk, Russia",4.5,1765322392227,50.2716,157.1564,35.0
"95 km ENE of Yokohama, Japan",4.6,1765321476382,41.2677,142.3659,49.983
"127 km NE of Kuji, Japan",4.1,1765320587435,40.9028,142.9449,35.0
"119 km ENE of Hachinohe, Japan",4.5,1765318805736,40.9883,142.7584,49.285
"105 km SSW of Honchō, Japan",4.3,1765318480366,41.2056,142.5948,62.522
"48 km NNW of Naisano Dua, Indonesia",4.1,1765317069991,-9.1708,123.6698,35.0
"182 km ESE of Ozernovskiy, Russia",4.3,1765315569156,51.0151,158.9937,10.0
south of the Fiji Islands,5.3,1765314016339,-26.9202,-176.3142,10.0
south of the Fiji Islands,5.0,1765312275858,-26.7478,-176.0596,10.0
"24 km ESE of Solok, Indonesia",4.9,1765309706724,-0.9033,100.8527,10.0
"266 km ESE of Ozernovskiy, Russia",4.9,1765309418901,50.472,159.9345,10.0
"136 km NW of Ternate, Indonesia",4.7,1765303349579,1.6191,126.4763,44.813
"51 km W of Abra Pampa, Argentina",4.5,1765302883997,-22.8036,-66.1865,250.22
"30 km WSW of Sarpol-e Z̄ahāb, Iran",4.5,1765300566824,34.3203,45.5786,10.0
"70 km NNE of Serang, Indonesia",4.0,1765299402254,-5.4925,106.2967,162.108
"194 km SE of Kuril’sk, Russia",4.0,1765297756837,44.1475,149.8065,10.0
"20 km N of Burang, China",4.2,1765294751542,30.4765,81.1429,19.232
"82 km WSW of Gorontalo, Indonesia",4.1,1765293647163,0.3533,122.348,129.767
off the coast of Oregon,4.0,1765293166352,44.4079,-129.4365,10.0
"143 km W of Port-Vila, Vanuatu",4.1,1765290532348,-17.5689,166.9762,10.0
south of the Kermadec Islands,4.5,1765286097102,-33.1068,-179.1803,43.184
"42 km NNE of Calama, Chile",4.3,1765285047268,-22.119,-68.7234,117.133
"14 km SSE of Cimin, Turkey",4.4,1765283654298,39.5831,39.7579,10.0
southern East Pacific Rise,4.7,1765283459966,-34.802,-108.325,10.0
"91 km S of Hualien City, Taiwan",4.4,1765281704110,23.151,121.6227,34.496
"189 km NW of Sola, Vanuatu",4.7,1765279537343,-12.5471,166.4468,67.116
south of the Fiji Islands,4.8,1765278908715,-26.8807,-176.3446,10.0
"4 km SSE of Lanuza, Philippines",4.4,1765278396276,9.1991,126.085,102.632
"134 km E of Petropavlovsk-Kamchatsky, Russia",4.4,1765277676862,52.9308,160.6207,35.0
"39 km W of Ulagan, Russia",4.4,1765276610444,50.6548,87.3988,10.0
"284 km SW of Grindavík, Iceland",5.0,1765275155083,62.0873,-26.5302,10.0
"120 km S of Honchō, Japan",4.3,1765274693345,41.0404,142.932,43.061
"106 km S of Honchō, Japan",4.5,1765272003412,41.1731,142.9607,43.493
"89 km E of Mutsu, Japan",5.0,1765271387904,41.3127,142.2857,60.104
"58 km WNW of Mejillones, Chile",4.3,1765270879079,-22.8496,-70.9449,19.159
"32 km W of San Pedro de Atacama, Chile",4.0,1765270054009,-22.901,-68.5169,107.97
"93 km NNE of Yakutat, Alaska",4.0,1765267882063,60.3666,-139.4041,5.0
"31 km NNE of Jalālābād, Afghanistan",4.3,1765266459999,34.6827,70.6043,65.43
"40 km WNW of Sinabang, Indonesia",5.2,1765263773596,2.5896,96.0297,10.0
Kermadec Islands region,4.5,1765263293556,-27.4856,-177.2562,404.6
"98 km E of Gerāsh, Iran",4.2,1765260371622,27.626,55.1368,10.0
Kuril Islands,4.0,1765259847138,48.3865,153.5989,98.514
"130 km ENE of Kuji, Japan",4.1,1765259304817,40.769,143.1019,39.877
"81 km WSW of Antofagasta, Chile",4.4,1765259210655,-23.9907,-71.108,10.0
"39 km S of Lata, Solomon Islands",4.5,1765259070604,-11.0777,165.7765,35.0
"88 km S of Honchō, Japan",4.6,1765257351034,41.3365,142.8344,52.931
"104 km E of Yokohama, Japan",4.4,1765255647581,41.2148,142.4853,51.763
"91 km S of San Juan, Peru",4.1,1765254858000,-16.1945,-75.1677,10.0
"Rat Islands, Aleutian Islands, Alaska",4.7,1765254599508,51.1565,178.5551,18.812
"57 km NNE of Lae, Papua New Guinea",4.6,1765251194590,-6.2552,147.2248,64.997
south of the Kermadec Islands,5.2,1765249736832,-32.6071,-177.5916,10.0
"24 km ESE of Salamanca, Chile",4.1,1765245451713,-31.8934,-70.7405,93.273
"64 km N of Nekā, Iran",4.1,1765241562086,37.2237,53.1893,10.0
Kermadec Islands region,5.3,1765240627377,-27.0266,-176.063,10.0
"76 km E of Yokohama, Japan",4.9,1765239507748,41.2096,142.1449,54.88
"98 km N of Yakutat, Alaska",4.1,1765239279776,60.4278,-139.664,5.0
"134 km S of Honchō, Japan",4.4,1765238945294,40.9216,143.11,47.498
"109 km NE of Kuji, Japan",5.6,1765238346545,40.8255,142.7591,47.786
"150 km SSE of Honchō, Japan",4.3,1765236621683,40.8201,143.3748,35.0
south of the Fiji Islands,4.6,1765234638657,-26.9863,-176.3965,35.0
"109 km N of Yakutat, Alaska",4.3,1765234314145,60.5247,-139.836,4.192
"111 km E of Yokohama, Japan",4.4,1765233568700,41.1518,142.5761,42.478
"119 km ENE of Kuji, Japan",4.4,1765233031405,40.7407,142.9837,35.0
"119 km S of Honchō, Japan",5.0,1765231637141,41.0582,142.9996,35.0
"129 km S of Honchō, Japan",6.6,1765230761270,40.9761,143.1505,19.0
"64 km SSW of Yonakuni, Japan",4.4,1765229072569,23.9524,122.6959,20.209
"127 km SSE of Honchō, Japan",4.6,1765229069915,41.0076,143.2602,35.0
"179 km E of Yamada, Japan",4.4,1765228607543,39.5886,144.0274,10.0
south of the Fiji Islands,4.4,1765228583942,-23.5326,-179.6245,554.242
"28 km NW of Port-Olry, Vanuatu",4.6,1765228551302,-14.842,166.9071,35.0
"Kepulauan Babar, Indonesia",4.5,1765226379354,-7.1004,129.3514,147.947
"189 km NNE of Colonia, Micronesia",5.0,1765225896800,11.1719,138.5544,10.0
"140 km S of Honchō, Japan",4.4,1765223131833,40.8805,143.1576,42.571
South Sandwich Islands region,4.4,1765220895348,-58.9813,-24.917,10.0
"128 km S of Honchō, Japan",4.3,1765220668308,40.9719,142.9348,47.888
"138 km S of Honchō, Japan",5.1,1765220470789,40.902,143.2141,31.27
"126 km S of Honchō, Japan",6.0,1765220188321,40.9948,143.1105,22.94
South Sandwich Islands region,5.5,1765219275496,-58.8007,-25.4875,29.994
"123 km S of Honchō, Japan",4.8,1765216708011,41.0271,143.0895,44.935
"112 km N of Yakutat, Alaska",4.5,1765215935956,60.5438,-140.1009,7.366
"51 km WNW of Muara Bungo, Indonesia",4.2,1765215283118,-1.3244,101.6844,223.538
"181 km SW of Merizo Village, Guam",4.4,1765214850276,11.9715,143.6466,10.0
"123 km ENE of Hachinohe, Japan",4.2,1765213964255,41.008,142.7964,41.46
"125 km SSE of Honchō, Japan",4.3,1765210856078,41.0304,143.2638,33.371
"98 km S of Honchō, Japan",4.4,1765210726966,41.2535,142.6957,42.963
"63 km ENE of Misawa, Japan",4.3,1765210091110,40.9678,142.0518,54.603
"134 km S of Honchō, Japan",5.0,1765209476306,40.9229,143.0507,38.822
Davis Strait,4.2,1765209232594,61.0517,-60.3748,10.0
"107 km ENE of Misawa, Japan",4.3,1765206596096,40.9936,142.5987,35.0
"102 km SSW of Urakawa, Japan",4.1,1765206333327,41.2599,142.4695,33.122
"108 km S of Honchō, Japan",4.3,1765206216264,41.1559,142.7514,53.76
"180 km SW of Merizo Village, Guam",4.6,1765204974225,12.2043,143.4037,10.0
"93 km ENE of Hachinohe, Japan",5.5,1765204419631,40.8889,142.4766,35.0
"2025 Aomori Prefecture, Japan Earthquake",7.6,1765203310397,40.9966,142.1802,45.351
Mid-Indian Ridge,5.0,1765199906796,-24.0769,69.4561,10.0
"32 km SSW of Kabare, Democratic Republic of the Congo",4.7,1765196386311,-2.7764,28.6988,10.0
"56 km NNE of Baukau, Timor Leste",4.5,1765196382975,-7.9926,126.6309,10.0
"4 km WSW of Evangelista, Philippines",4.6,1765195153338,13.3226,121.0611,10.0
"164 km SSE of Alo, Wallis and Futuna",4.0,1765194483397,-15.7059,-177.5942,432.635
"21 km SE of Hualien City, Taiwan",5.2,1765193094434,23.8315,121.7444,10.0
"205 km NW of Maubara, Timor Leste",4.1,1765190208432,-7.3832,123.8029,559.942
"22 km NNE of Muratpaşa, Turkey",5.1,1765189293625,37.0861,30.8326,110.746
"37 km WSW of Pārūn, Afghanistan",4.1,1765186904606,35.291,70.5468,106.502
south of the Fiji Islands,4.4,1765180201737,-24.4481,179.8761,530.008
south of Tonga,4.8,1765178342625,-26.2693,-175.903,10.0
"2 km NW of Polkowice, Poland",4.3,1765171865283,51.5172,16.0485,10.0
"165 km ENE of Masohi, Indonesia",4.4,1765171146596,-2.9844,130.4213,10.0
"230 km NNW of Kuril’sk, Russia",4.4,1765169905383,47.1643,146.8176,359.923
"76 km SE of Mawlaik, Burma (Myanmar)",4.2,1765169331329,23.0944,94.8608,94.964
"32 km ENE of Pueblo Nuevo, Venezuela",4.5,1765160834174,12.0222,-69.6299,10.0
"171 km SSE of Vilyuchinsk, Russia",5.0,1765157541643,51.485,159.2599,35.0
"89 km N of Yakutat, Alaska",5.8,1765155410321,60.3454,-139.6253,10.0
"11 km NW of Göynük, Turkey",4.6,1765153916351,36.7393,30.4636,10.0
Mariana Islands region,4.3,1765151998592,19.9139,146.6582,10.0
"108 km N of Yakutat, Alaska",4.8,1765151702638,60.5187,-139.9359,5.0
"108 km N of Yakutat, Alaska",5.0,1765151434061,60.5205,-139.8768,2.118
"4 km NNW of Totoral, Peru",4.2,1765151355319,-17.372,-70.3834,118.705
"5 km WSW of Palca, Peru",4.9,1765149253413,-17.7869,-70.015,109.604
"9 km N of Armiñón, Spain",4.0,1765149022772,42.8074,-2.8772,10.0
"145 km ESE of Petropavlovsk-Kamchatsky, Russia",4.3,1765148299336,52.3754,160.4611,35.0
"24 km S of Acajutla, El Salvador",4.4,1765146962504,13.3709,-89.8024,45.319
"99 km SSE of Sand Point, Alaska",4.6,1765145876912,54.47,-160.1113,35.0
"261 km ENE of Lospalos, Timor Leste",4.3,1765142732531,-7.631,129.194,143.86
"44 km SSW of Paurito, Bolivia",4.2,1765141332462,-18.2742,-63.0447,21.334
southern Mid-Atlantic Ridge,4.5,1765141280402,-12.5965,-14.8284,10.0
"Volcano Islands, Japan region",4.3,1765140146192,24.8882,141.467,506.127
"130 km E of Petropavlovsk-Kamchatsky, Russia",4.2,1765137487521,53.2208,160.5584,65.76
"26 km NE of Van, Turkey",4.4,1765135051517,38.684,43.571,18.712
"105 km N of Yakutat, Alaska",4.6,1765130648308,60.4961,-139.641,5.769
"97 km N of Yakutat, Alaska",4.3,1765129827858,60.4132,-139.4698,5.772
"98 km N of Yakutat, Alaska",4.2,1765129627235,60.4262,-139.6028,8.44
"63 km SE of Severo-Kuril’sk, Russia",4.5,1765127798158,50.2794,156.7642,68.468
"155 km W of Fakfak, Indonesia",4.5,1765126732918,-3.181,130.9218,40.879
"116 km N of Yakutat, Alaska",4.6,1765126587587,60.5892,-139.9389,5.0
"117 km SE of Petropavlovsk-Kamchatsky, Russia",4.9,1765125686301,52.367,159.9426,57.029
"70 km SE of Severo-Kuril’sk, Russia",5.6,1765125250598,50.2408,156.8451,63.427
"266 km W of Adak, Alaska",4.3,1765123117587,52.1684,179.5168,171.368
"84 km SSE of Champerico, Guatemala",4.3,1765118242357,13.5555,-91.7177,35.0
"48 km NNW of Port-Olry, Vanuatu",4.4,1765118010220,-14.6748,166.828,10.0
"41 km WSW of Puerto Cortés, Costa Rica",4.4,1765117243917,8.8865,-83.8971,10.0
"116 km N of Yakutat, Alaska",4.3,1765115347892,60.5907,-139.9343,5.0
"39 km WNW of Port-Olry, Vanuatu",4.9,1765113912424,-14.9266,166.7213,33.262
south of the Fiji Islands,4.4,1765112373700,-26.3858,-177.7972,196.517
"101 km N of Yakutat, Alaska",4.2,1765112123572,60.454,-139.5057,5.0
"44 km NW of Port-Olry, Vanuatu",4.4,1765110647422,-14.7201,166.8297,10.0
"254 km SSE of Alo, Wallis and Futuna",4.8,1765110622204,-16.5086,-177.4203,10.0
"58 km NW of Port-Olry, Vanuatu",5.5,1765109793041,-14.6843,166.6769,10.0
"60 km NW of Port-Olry, Vanuatu",5.2,1765109774872,-14.675,166.6608,10.0
south of the Fiji Islands,4.4,1765107140700,-22.1436,-179.7559,606.114
south of the Fiji Islands,4.3,1765106793948,-23.6241,179.7862,531.391
"144 km SE of Akutan, Alaska",4.7,1765106023286,53.3407,-164.0401,35.0
"116 km N of Yakutat, Alaska",4.1,1765103533236,60.5908,-139.8039,5.0
South Sandwich Islands region,4.5,1765103157910,-55.0907,-26.1847,10.0
"110 km N of Yakutat, Alaska",4.2,1765102396174,60.5334,-139.9125,5.0
"111 km N of Yakutat, Alaska",4.4,1765100517914,60.5462,-139.9158,5.0
"Izu Islands, Japan region",4.7,1765100292460,32.0967,140.2388,95.775
"145 km WNW of Constitución, Chile",4.4,1765100145765,-34.6811,-73.8003,10.0
"108 km NNW of Yakutat, Alaska",4.5,1765098764890,60.4975,-140.1135,5.0
"111 km N of Yakutat, Alaska",4.1,1765098737620,60.5344,-140.0104,5.232
"76 km WNW of Port-Olry, Vanuatu",4.5,1765098486357,-14.8776,166.383,10.0
"145 km SE of Vilyuchinsk, Russia",4.5,1765087699562,51.8953,159.7051,51.261
"124 km N of Yakutat, Alaska",4.2,1765086951453,60.659,-139.9129,5.0
"218 km WSW of Tual, Indonesia",5.2,1765083353661,-6.6294,131.0539,35.0
south of the Fiji Islands,4.6,1765082030834,-23.6383,179.9884,544.334
"118 km N of Yakutat, Alaska",4.3,1765081394170,60.6116,-139.8747,5.0
"114 km N of Yakutat, Alaska",5.2,1765081237162,60.5616,-140.0066,7.321
"102 km N of Yakutat, Alaska",4.1,1765081186011,60.4612,-139.5581,5.0
"70 km SSW of Severo-Kuril’sk, Russia",4.7,1765080070374,50.1038,155.7078,100.521
"3 km N of El Porvenir, Mexico",4.3,1765078594332,17.5087,-95.2491,138.852
"113 km N of Yakutat, Alaska",4.2,1765077603604,60.558,-139.9851,4.0
"101 km N of Yakutat, Alaska",4.6,1765077137410,60.4528,-139.5152,5.0
"37 km E of Dārchulā, Nepal",4.4,1765075387342,29.8698,80.9384,43.404
"115 km N of Yakutat, Alaska",4.2,1765074543350,60.5671,-140.0994,5.0
"278 km SSE of Alo, Wallis and Futuna",5.1,1765073190024,-16.7399,-177.4138,10.0
"100 km N of Yakutat, Alaska",4.3,1765072584002,60.4444,-139.612,5.0
"102 km SE of Severo-Kuril’sk, Russia",4.5,1765071765446,50.0786,157.2271,35.0
"6 km S of Kalávryta, Greece",4.3,1765071352841,37.9746,22.0989,36.343
"110 km N of Yakutat, Alaska",4.5,1765070583945,60.5398,-139.8645,5.0
"42 km NE of Colonia, Micronesia",4.5,1765068848934,9.7333,138.4384,10.0
"69 km E of Nichinan, Japan",4.5,1765067501951,31.6052,132.103,44.002
"118 km E of Yamada, Japan",4.9,1765066606480,39.5461,143.3292,31.708
"102 km N of Yakutat, Alaska",4.3,1765066484214,60.4663,-139.7008,5.0
West Chile Rise,4.4,1765065388198,-41.2745,-86.0338,10.0
"100 km N of Yakutat, Alaska",4.4,1765064040542,60.4474,-139.5567,5.0
"109 km N of Yakutat, Alaska",4.3,1765062389610,60.5321,-139.7947,5.0
"117 km NNW of Yakutat, Alaska",4.0,1765062347637,60.5737,-140.208,5.0
"108 km N of Yakutat, Alaska",4.4,1765062132974,60.5153,-139.8741,3.26
"59 km SSW of Hualien City, Taiwan",4.1,1765061281373,23.4513,121.4769,30.693
"96 km N of Yakutat, Alaska",4.0,1765060969630,60.4171,-139.7011,5.0
"111 km N of Yakutat, Alaska",4.6,1765060471415,60.5381,-139.9552,5.0
"264 km ESE of Severo-Kuril’sk, Russia",4.3,1765060101492,49.7629,159.5459,10.0
"62 km E of Palca, Peru",4.2,1765059043475,-17.7769,-69.3728,147.365
"98 km N of Yakutat, Alaska",4.0,1765057766981,60.4319,-139.8495,10.0
"93 km N of Yakutat, Alaska",4.0,1765056922962,60.3842,-139.5494,10.0
"114 km N of Yakutat, Alaska",4.5,1765055039523,60.5698,-139.9825,5.0
"117 km NNW of Yakutat, Alaska",4.4,1765055001203,60.5696,-140.224,5.0
"94 km NNE of Yakutat, Alaska",4.1,1765054891656,60.3773,-139.393,8.726
"105 km N of Yakutat, Alaska",4.4,1765054812432,60.493,-139.8571,5.0
"112 km N of Yakutat, Alaska",4.3,1765054791685,60.5545,-139.7583,5.0
"100 km N of Yakutat, Alaska",4.0,1765054689530,60.435,-139.448,1.5
"118 km N of Yakutat, Alaska",4.6,1765054657832,60.5993,-139.9849,5.0
"88 km N of Yakutat, Alaska",4.4,1765054563961,60.3374,-139.5069,5.0
"96 km N of Yakutat, Alaska",4.9,1765054478679,60.4092,-139.5694,5.0
"118 km N of Yakutat, Alaska",4.0,1765054411908,60.6113,-139.793,5.0
"88 km NNE of Yakutat, Alaska",5.087666993181132,1765054312900,60.31888580322266,-139.35723876953125,10.75879955291748
"91 km NNE of Yakutat, Alaska",4.3,1765054163160,60.3517,-139.4116,5.0
"7 km WNW of Kalávryta, Greece",4.8,1765054088874,38.0628,22.0416,15.92
"98 km NNE of Yakutat, Alaska",4.4,1765054080377,60.4099,-139.3825,1.467
"93 km NNE of Yakutat, Alaska",5.2,1765053970622,60.3673,-139.4012,5.0
2025 Hubbard Glacier Earthquake,7.0,1765053708011,60.308,-139.5486,5.0
"82 km ESE of La Tirana, Chile",4.4,1765052413594,-20.5563,-68.8995,94.341
"19 km SSE of Ruteng, Indonesia",4.2,1765051605816,-8.7796,120.5043,120.53
"22 km NE of Kokoda, Papua New Guinea",4.4,1765050676548,-8.7344,147.8776,30.385
"255 km SSE of Isangel, Vanuatu",4.4,1765049351793,-21.5634,170.4573,101.337
"74 km ENE of Petropavlovsk-Kamchatsky, Russia",4.5,1765044891940,53.3085,159.6693,71.816
"86 km WNW of Hihifo, Tonga",4.4,1765042684642,-15.7458,-174.5699,139.523
"171 km ESE of Petropavlovsk-Kamchatsky, Russia",4.3,1765039830057,52.6479,161.0718,10.0
"19 km WSW of Qūchān, Iran",4.5,1765039588050,37.0417,58.3061,10.0
"4 km SSW of Victoria, Philippines",4.1,1765036134971,13.1434,121.2556,10.0
southern East Pacific Rise,5.1,1765033939159,-55.1495,-126.6904,10.0
Drake Passage,4.8,1765027479148,-60.1573,-61.6928,10.0
"18 km ESE of Shahritus, Tajikistan",4.6,1765026458410,37.1766,68.3153,39.821
"160 km E of Petropavlovsk-Kamchatsky, Russia",4.1,1765025548181,52.8085,160.9717,28.604
"166 km E of Petropavlovsk-Kamchatsky, Russia",4.6,1765019563621,52.8181,161.0695,10.0
"11 km SE of Cuauhtémoc, Mexico",4.3,1765018091875,17.0202,-94.8182,94.535
"205 km SSE of Vilyuchinsk, Russia",4.1,1765017865473,51.2234,159.5467,10.0
"165 km ESE of Petropavlovsk-Kamchatsky, Russia",4.8,1765017086849,52.7715,161.0444,10.0
"159 km ESE of Petropavlovsk-Kamchatsky, Russia",4.6,1765016481364,52.5265,160.8204,31.483
"31 km SE of Kushima, Japan",4.3,1765008900330,31.2753,131.465,52.787
"260 km ESE of Petropavlovsk-Kamchatsky, Russia",4.2,1764998671919,52.5202,162.3847,10.0
"Kermadec Islands, New Zealand",4.7,1764997639127,-29.7112,-177.0683,10.0
"108 km SSW of La Gloria, Mexico",4.4,1764997137570,15.2533,-94.5286,35.0
"113 km S of Koróni, Greece",4.6,1764996466431,35.7896,21.752,32.234
"144 km NE of Lospalos, Timor Leste",4.3,1764993787628,-7.5002,127.8101,165.544
"15 km SSW of Jurm, Afghanistan",4.2,1764988828887,36.7425,70.7593,156.418
"159 km ESE of Petropavlovsk-Kamchatsky, Russia",5.1,1764987026110,52.5956,160.8653,13.146
"14 km SW of Merizo Village, Guam",4.5,1764983771581,13.1747,144.567,75.892
"85 km W of Tobelo, Indonesia",5.1,1764981874405,1.6522,127.2482,113.578
West Chile Rise,4.6,1764978053957,-44.136,-82.1174,10.0
"160 km SSW of Severo-Kuril’sk, Russia",4.6,1764977297614,49.3278,155.3228,64.897
"31 km W of Pop, Uzbekistan",4.3,1764968652668,40.8949,70.7398,19.215
"124 km S of Tambolaka, Indonesia",5.1,1764967340517,-10.5535,119.2458,23.371
North Atlantic Ocean,4.9,1764964043636,7.0273,-46.2267,10.0
"8 km ESE of Padong, Philippines",4.5,1764963441774,18.0289,120.8263,10.0
"201 km SW of José María Morelos, Mexico",5.5,1764963220764,18.6143,-106.7426,10.0
"89 km NNW of San Antonio, Puerto Rico",4.0,1764963122240,19.2611,-67.3546,38.0
Drake Passage,4.7,1764962673804,-60.161,-62.1152,10.0
"262 km E of Levuka, Fiji",4.2,1764959037572,-18.0508,-178.2073,623.734
Drake Passage,4.5,1764958728925,-60.0779,-62.4141,10.0
"33 km N of Chamba, India",4.0,1764957997924,32.8569,76.0845,18.813
"159 km WNW of Jamestown, Saint Helena",4.3,1764952707841,-15.5168,-7.1357,10.0
"196 km SW of José María Morelos, Mexico",4.3,1764951765221,18.6541,-106.715,10.0
"131 km S of Lata, Solomon Islands",4.5,1764950768302,-11.9095,165.8452,10.0
"79 km SSW of Kýthira, Greece",4.4,1764949783351,35.5092,22.589,56.728
south of the Fiji Islands,4.6,1764945633456,-26.7508,-176.2161,10.0
"151 km E of Petropavlovsk-Kamchatsky, Russia",4.8,1764936237332,52.9696,160.8724,10.0
North Atlantic Ocean,4.9,1764935423985,6.8632,-46.4868,10.0
"139 km SW of Dunhuang, China",4.5,1764935311746,39.3411,93.4557,10.0
"47 km ENE of Singaraja, Indonesia",4.4,1764932528471,-7.9671,115.4959,219.796
Drake Passage,5.5,1764931820271,-60.1808,-62.0744,10.0
"3 km ESE of Fuengirola, Spain",4.4,1764927514929,36.5232,-4.5893,58.514
"41 km SW of San Pedro de Atacama, Chile",4.1,1764922553415,-23.1259,-68.5298,113.005
"169 km SSE of Vilyuchinsk, Russia",4.3,1764921560521,51.5189,159.347,49.773
"Kepulauan Babar, Indonesia",4.3,1764915275317,-7.2367,129.594,126.655
"140 km ESE of Kimbe, Papua New Guinea",4.5,1764912875711,-6.1134,151.271,10.0
"147 km ENE of Petropavlovsk-Kamchatsky, Russia",4.3,1764910496683,53.7772,160.4941,58.333
"57 km NW of Madang, Papua New Guinea",4.6,1764909596968,-4.879,145.3954,156.556
"125 km NNE of Roxby Downs, Australia",4.1,1764908148464,-29.5889,137.5583,10.0
"100 km SSW of Severo-Kuril’sk, Russia",4.5,1764899537427,49.8062,155.7417,72.97
"188 km SSE of Vilyuchinsk, Russia",4.7,1764877385036,51.359,159.4329,35.0
Kermadec Islands region,5.3,1764875580752,-27.495,-176.1569,10.0
"94 km SSE of Vilyuchinsk, Russia",4.1,1764873125269,52.1637,159.0157,61.099
South Sandwich Islands region,4.3,1764872166541,-55.7918,-26.7357,10.0
"South of Lombok, Indonesia",4.5,1764870387614,-11.7572,116.8905,10.0
South Sandwich Islands region,4.7,1764865059214,-55.3878,-24.7652,35.895
"153 km S of Martapura, Indonesia",4.2,1764859340991,-4.7912,114.7513,10.0
"78 km WNW of Modisi, Indonesia",4.5,1764855281940,0.7895,123.8201,252.173
"56 km E of Petropavlovsk-Kamchatsky, Russia",4.8,1764854315329,53.0506,159.4767,70.87
southern Mid-Atlantic Ridge,5.1,1764851756282,-19.9635,-12.372,10.0
"174 km NW of Panguna, Papua New Guinea",4.6,1764850609791,-5.4173,154.1918,130.321
southeast of the Loyalty Islands,4.3,1764849604420,-22.9693,170.5406,10.0
"130 km N of Lobuche, Nepal",4.1,1764849541015,29.1109,87.0043,10.0
"275 km WNW of Houma, Tonga",4.2,1764848526354,-20.1441,-177.7104,531.004
"175 km W of Abepura, Indonesia",4.1,1764845996673,-2.3595,139.0707,25.797
"136 km NNW of Tumxuk, China",5.8,1764834246341,41.0099,78.4441,9.0
"44 km WNW of San Pedro de Atacama, Chile",4.4,1764832500427,-22.7353,-68.5873,123.317
"133 km NNE of Tobelo, Indonesia",4.3,1764829534748,2.7818,128.5872,222.675
"69 km W of Sinabang, Indonesia",4.4,1764828318349,2.5657,95.7595,24.561
"Pagan region, Northern Mariana Islands",4.8,1764823375356,18.2905,146.2495,87.63
Fiji region,5.2,1764822705462,-21.4912,-179.2237,599.274
"159 km ESE of Modisi, Indonesia",5.0,1764822191091,-0.3169,125.646,76.161
"1 km SW of Santa Gertrudis Miramar, Mexico",5.2,1764819909857,16.0587,-95.4009,67.017
"37 km SE of Tobelo, Indonesia",4.6,1764818246676,1.4567,128.2043,106.214
Pacific-Antarctic Ridge,5.1,1764818075540,-54.9048,-129.2594,10.0
Pacific-Antarctic Ridge,5.5,1764817928029,-55.3756,-128.1136,10.0
"194 km WSW of Port McNeill, Canada",4.1,1764815296666,50.1191,-129.724,10.0
"181 km E of Ozernovskiy, Russia",4.3,1764813466127,51.2104,159.0646,10.0
"37 km NNW of Thang, India",4.2,1764807691583,35.2286,76.6052,10.0
"2 km ENE of Dhaka, Bangladesh",4.1,1764807280236,23.7187,90.427,10.0
"38 km NNE of Castlepoint, New Zealand",4.2,1764803862485,-40.583,176.3945,25.903
"32 km ESE of Mangatainoka, New Zealand",4.5,1764802033075,-40.5048,176.2241,19.726
"59 km ESE of Ozernovskiy, Russia",4.1,1764798967171,51.2005,157.2175,87.431
"75 km W of Bojnūrd, Iran",4.1,1764798706217,37.4632,56.4799,10.0
Fiji region,4.1,1764794973517,-20.2032,-178.1048,560.186
"50 km ESE of Severo-Kuril’sk, Russia",4.3,1764789039910,50.4878,156.7733,86.299
"224 km E of Kokopo, Papua New Guinea",4.7,1764783402720,-4.4978,154.2852,10.0
Kermadec Islands region,5.0,1764780147392,-31.5476,-178.4085,10.0
"Izu Islands, Japan region",4.5,1764777276774,29.4748,141.4531,78.012
"30 km WNW of Barishal, Pakistan",4.4,1764773120072,36.4151,74.3758,35.0
"54 km ESE of Onagawa Chō, Japan",4.4,1764772861951,38.3161,142.0482,57.554
"2 km NE of Camotlán de Miraflores, Mexico",4.3,1764771546476,19.2332,-104.2214,38.416
"198 km SSE of Vilyuchinsk, Russia",4.3,1764770705807,51.2728,159.4839,23.645
Vanuatu region,4.5,1764770481937,-15.1264,172.3477,636.785
"99 km NNE of Ollagüe, Chile",4.1,1764768675404,-20.3768,-67.9493,156.159
"81 km ESE of Chignik, Alaska",4.451483061928972,1764767853286,56.05329132080078,-157.1608428955078,28.560338973999023
"Izu Islands, Japan region",4.5,1764767059384,31.0262,143.1151,10.0
"204 km W of Tual, Indonesia",4.4,1764766849479,-5.7806,130.9141,118.123
"86 km SW of El Arenal, Mexico",4.7,1764766753374,14.6744,-93.3167,35.0
"192 km WSW of Adak, Alaska",4.2,1764761977708,51.138,-179.1438,35.0
"71 km WSW of Vallenar, Chile",4.3,1764759246059,-28.848,-71.4269,35.816
"115 km S of Vilyuchinsk, Russia",4.2,1764752908633,51.8962,158.5115,70.037
"265 km WNW of Houma, Tonga",4.2,1764748195033,-20.373,-177.7093,523.167
"214 km SSW of Srandakan, Indonesia",4.5,1764745606979,-9.7658,109.6044,41.835
"71 km SE of Honchō, Japan",4.2,1764742822072,42.3068,144.1851,49.069
"67 km ENE of Khorugh, Tajikistan",4.2,1764739807681,37.8111,72.1989,187.016
"107 km SE of Burica, Panama",4.3,1764737092285,7.2306,-82.3157,10.0
south of the Fiji Islands,4.5,1764731252623,-24.6527,179.9802,532.511
"14 km SE of Rāmhormoz, Iran",4.1,1764728135839,31.1827,49.7002,10.0
"208 km E of Levuka, Fiji",4.6,1764727032859,-17.7849,-178.7413,552.073
"103 km NW of Talcahuano, Chile",4.1,1764726807184,-36.0151,-73.8568,19.688
"94 km NW of Talcahuano, Chile",4.3,1764726165314,-36.0772,-73.7967,23.172
"81 km NW of Talcahuano, Chile",4.2,1764725190948,-36.2016,-73.7556,18.668
Fiji region,5.6,1764718528675,-20.8566,-178.9541,620.0
"68 km S of Pocito, Argentina",4.4,1764718111827,-32.2965,-68.5182,37.463
"174 km NNW of Sola, Vanuatu",4.9,1764716272961,-12.4465,166.8701,204.123
Kermadec Islands region,4.7,1764705475245,-27.6938,179.4477,514.853
"82 km S of Severo-Kuril’sk, Russia",4.4,1764696259286,49.9351,156.0616,70.767
"42 km SSE of Kieta, Papua New Guinea",4.3,1764693369806,-6.5701,155.7736,175.202
south of the Fiji Islands,4.3,1764690935532,-23.1571,-177.567,220.922
south of the Fiji Islands,4.3,1764690566854,-26.5494,-176.1108,10.0
"174 km SE of Hihifo, Tonga",4.6,1764689058806,-16.8566,-172.4617,10.0
south of the Fiji Islands,4.3,1764688569069,-26.6233,-176.0182,10.0
"3 km WNW of Naic, Philippines",4.4,1764688071461,14.3289,120.7398,221.545
"129 km E of Petropavlovsk-Kamchatsky, Russia",4.1,1764686165246,52.8571,160.5243,41.146
"107 km SW of Fīrūzābād, Iran",4.2,1764682204967,28.2462,51.7119,10.0
"74 km ESE of Bintuni, Indonesia",4.6,1764682081116,-2.3276,134.1553,5.054
"96 km ESE of Teluk Dalam, Indonesia",5.1,1764681384210,0.337,98.6405,49.768
"7 km WNW of Tecpán Guatemala, Guatemala",4.3,1764680340340,14.7856,-91.0593,169.27
"61 km ESE of Ollagüe, Chile",4.3,1764680206012,-21.363,-67.6842,211.606
"179 km NE of Lospalos, Timor Leste",4.6,1764678613963,-7.4197,128.1947,143.843
"94 km SE of Severo-Kuril’sk, Russia",5.3,1764673839281,50.0773,157.0663,35.0
"53 km ESE of Shimoda, Japan",4.4,1764673635555,34.4938,139.4817,10.0
"5 km N of Sagaing, Burma (Myanmar)",4.8,1764673269803,21.9235,95.9869,10.0
"94 km ENE of Nagqu, China",4.8,1764672983331,31.9102,92.921,10.0
central Mid-Atlantic Ridge,4.3,1764671981629,9.452,-40.4419,10.0
"46 km S of Nemuro, Japan",5.0,1764669783596,42.9062,145.5507,35.0
central Mid-Atlantic Ridge,4.4,1764668459929,9.5346,-40.5662,10.0
South Sandwich Islands region,4.5,1764667384488,-59.1111,-25.0092,24.481
"Galapagos Islands, Ecuador region",4.3,1764665065979,2.3968,-95.213,10.0
"Galapagos Islands, Ecuador region",4.1,1764664560736,2.1406,-95.5696,10.0
"99 km NE of Hihifo, Tonga",4.5,1764664072812,-15.3238,-173.135,10.0
central Mid-Atlantic Ridge,4.6,1764662735252,9.545,-40.4776,10.0
"167 km E of Ozernovskiy, Russia",4.3,1764662554016,51.3829,158.8963,31.504
central Mid-Atlantic Ridge,5.2,1764660870673,9.3019,-40.681,10.0
central Mid-Atlantic Ridge,4.6,1764655168153,9.4392,-40.5327,10.0
"96 km SE of Severo-Kuril’sk, Russia",4.1,1764654507203,50.0607,157.0884,36.54
south of the Fiji Islands,5.0,1764652437568,-26.8248,-176.2178,10.0
"16 km NE of Mene Grande, Venezuela",4.6,1764650904805,9.9404,-70.8134,10.0
"63 km E of Severo-Kuril’sk, Russia",4.3,1764650832940,50.6857,157.0186,64.782
"67 km S of Calama, Chile",4.1,1764642989347,-23.0609,-68.8495,103.357
central Mid-Atlantic Ridge,4.4,1764641965484,9.4556,-40.4801,10.0
central Mid-Atlantic Ridge,4.4,1764640942428,9.4768,-40.6669,10.0
"40 km S of Teknāf, Bangladesh",4.1,1764640591335,20.4905,92.3253,10.0
"54 km WNW of Panguna, Papua New Guinea",4.9,1764640589404,-6.1955,155.0083,158.207
"102 km WSW of San Antonio de los Cobres, Argentina",4.2,1764640101663,-24.4318,-67.2982,200.54
South Sandwich Islands region,4.5,1764638879092,-56.3082,-25.5974,10.0
"177 km SE of Petropavlovsk-Kamchatsky, Russia",4.2,1764637751648,51.8742,160.3698,10.0
south of the Fiji Islands,4.0,1764637663274,-23.1952,-179.7067,582.437
"192 km SSE of Vilyuchinsk, Russia",4.9,1764636656754,51.3831,159.6595,10.0
Mid-Indian Ridge,4.6,1764634957747,-10.0596,66.794,10.0
"58 km S of Sand Point, Alaska",4.2,1764634758196,54.8127,-160.6053,43.058
"29 km WNW of Yuyapichis, Peru",4.9,1764631618600,-9.5429,-75.2302,108.152
Kermadec Islands region,4.5,1764630991045,-27.3275,-176.8501,35.0
Kermadec Islands region,5.2,1764630484871,-27.1082,-176.4363,35.0
"43 km NNW of Khandūd, Afghanistan",4.2,1764630314723,37.2868,72.0551,108.958
"79 km SE of Atka, Alaska",5.1,1764627667810,51.648,-173.4586,35.0
"Izu Islands, Japan region",4.4,1764627142040,32.5027,142.4884,10.0
"12 km NE of Jericó, Mexico",4.4,1764627113675,16.354,-92.8733,208.454
"39 km WSW of San Nicolas, Philippines",4.5,1764627077462,14.7587,119.7692,10.0
Kermadec Islands region,4.6,1764626857251,-27.1652,-175.9607,10.0
"82 km NE of Tadine, New Caledonia",4.9,1764623539958,-21.1132,168.5224,10.0
"58 km WNW of Kirakira, Solomon Islands",5.1,1764619512930,-10.2888,161.4093,104.577
"113 km SE of Bushehr, Iran",4.1,1764619029771,28.1928,51.5983,10.0
"Pagan region, Northern Mariana Islands",4.0,1764616737203,18.8286,145.2538,199.55
"81 km E of Falam, Burma (Myanmar)",4.8,1764615315922,22.8791,94.4717,99.301
"4 km NNE of Bacolod, Philippines",4.5,1764613927963,8.9656,126.3025,56.431
"244 km E of Levuka, Fiji",4.1,1764609937999,-18.0067,-178.3713,596.914
"110 km N of Tobelo, Indonesia",4.3,1764602373629,2.7113,128.1721,73.75
"239 km SSW of Colonia, Micronesia",4.6,1764601829365,7.669,136.9808,10.0
"34 km SSE of Tommot, Russia",4.4,1764600946105,58.6644,126.4766,10.0
"140 km ESE of Petropavlovsk-Kamchatsky, Russia",4.8,1764598076508,52.7494,160.644,34.576
"39 km W of Ollagüe, Chile",4.2,1764592151180,-21.1594,-68.6237,111.331
"69 km SE of Fīrūzābād, Iran",4.0,1764592136247,28.4389,53.1078,10.0
Kermadec Islands region,4.3,1764586258507,-31.4862,179.8098,432.135
"83 km NE of Petropavlovsk-Kamchatsky, Russia",4.2,1764579807761,53.5571,159.5678,45.494
"57 km S of Aitape, Papua New Guinea",4.7,1764578431294,-3.6493,142.2499,35.0
"154 km E of Beauséjour, Guadeloupe",4.5,1764575555724,16.3206,-59.6292,10.0
"280 km NW of Houma, Tonga",4.4,1764572866693,-19.7558,-177.529,544.161
Mariana Islands region,4.5,1764572348235,19.1885,146.2372,91.59
"44 km SW of Sechura, Peru",4.2,1764571020570,-5.8617,-81.0816,32.602
west of Macquarie Island,4.2,1764567764372,-59.0038,149.5291,10.0
south of the Fiji Islands,4.2,1764566947728,-25.3374,179.8969,499.395
"20 km E of Jurm, Afghanistan",4.2,1764564666704,36.8332,71.0559,205.599
"46 km NNW of Bandar Abbas, Iran",4.4,1764563180780,27.585,56.1308,10.0
"227 km E of Levuka, Fiji",4.3,1764562615987,-17.9166,-178.544,578.78
"32 km SW of Bahía Solano, Colombia",4.3,1764561954383,5.9851,-77.569,10.0
South Sandwich Islands region,4.3,1764559824060,-59.4373,-26.0685,42.938
"114 km NW of Neiafu, Tonga",4.7,1764557680381,-17.829,-174.6388,10.0
"34 km ESE of Aiquile, Bolivia",4.2,1764555752779,-18.2947,-64.8709,10.0
"53 km E of Baculin, Philippines",4.6,1764553303796,7.4127,127.0704,35.0
"78 km SW of Challapata, Bolivia",4.1,1764553077834,-19.4176,-67.2761,227.844
"19 km WSW of Urakawa, Japan",4.6,1764550081683,42.0602,142.5913,57.662
"139 km ENE of Masohi, Indonesia",4.9,1764544597213,-2.9848,130.1828,10.0
"47 km SE of Onagawa Chō, Japan",4.6,1764523549939,38.1966,141.8948,54.948
"Pagan region, Northern Mariana Islands",4.7,1764519785446,18.8501,145.7151,201.514
"70 km SSW of Severo-Kuril’sk, Russia",4.2,1764517056796,50.0555,155.9105,89.467
"109 km WSW of Neiafu, Tonga",4.5,1764514141167,-18.957,-174.975,191.174
south of the Fiji Islands,4.2,1764512310500,-26.879,-176.0819,10.0
"88 km E of Ozernovskiy, Russia",4.5,1764511575835,51.5151,157.7795,90.253
"121 km E of Atka, Alaska",4.4,1764505485055,52.1002,-172.439,72.624
Pacific-Antarctic Ridge,5.0,1764505093489,-56.0757,-143.8795,10.0
"176 km WNW of Abepura, Indonesia",4.4,1764498999758,-2.1892,139.0948,10.0
south of the Fiji Islands,5.3,1764497129877,-26.9787,-176.2688,10.0
"41 km SE of Nemuro, Japan",4.0,1764492807537,43.0378,145.9031,39.606
south of the Fiji Islands,4.4,1764491915261,-25.5645,179.6055,519.439
"152 km N of Masohi, Indonesia",4.7,1764491509549,-1.923,128.9011,10.0
"14 km NW of Ilabaya, Peru",4.3,1764489221539,-17.3176,-70.5944,125.69
"29 km SE of Dampit, Indonesia",4.3,1764487546494,-8.4001,112.9424,140.342
off the coast of Ecuador,4.5,1764480867648,1.6999,-84.6589,10.0
"164 km NE of Neiafu, Tonga",4.6,1764478879060,-17.4164,-173.1133,35.0
"19 km S of Pīpalkoti, India",4.3,1764478627984,30.2518,79.4611,25.331
"184 km NNE of Lospalos, Timor Leste",4.2,1764476292919,-6.8976,127.3696,378.31
"29 km SW of Jurm, Afghanistan",4.2,1764472310654,36.661,70.6139,109.922
"84 km WNW of Vinchina, Argentina",4.5,1764471106671,-28.4498,-68.9984,94.818
"131 km SSW of Kokopo, Papua New Guinea",4.3,1764470581324,-5.3754,151.6848,125.603
"90 km ESE of Petropavlovsk-Kamchatsky, Russia",4.1,1764460901098,52.6529,159.7852,73.655
Kermadec Islands region,5.3,1764459766026,-27.1631,-176.5717,36.374
"196 km SSE of Vilyuchinsk, Russia",4.3,1764458887340,51.312,159.5531,10.0
west of Macquarie Island,4.2,1764458692123,-56.579,146.3353,10.0
"41 km ENE of Hachinohe, Japan",4.1,1764457417958,40.5884,141.9801,56.25
"167 km SE of Vilyuchinsk, Russia",4.5,1764456784778,51.8472,160.1105,30.704
west of Macquarie Island,5.8,1764456470658,-56.5108,147.4508,10.0
"108 km E of Miyako, Japan",4.4,1764452792434,39.8246,143.1895,29.917
Fiji region,4.2,1764451543542,-21.2008,-178.9084,645.536
"111 km WNW of Basco, Philippines",4.9,1764446515520,20.9359,121.0281,10.0
"47 km ENE of Calama, Chile",4.3,1764444769072,-22.3324,-68.482,109.844
"115 km WNW of Basco, Philippines",4.4,1764444591242,20.9082,120.9745,24.644
southeast of the Loyalty Islands,4.2,1764442501939,-22.9236,170.9414,10.0
Kermadec Islands region,4.8,1764440308907,-27.23,-176.2047,10.0
"79 km W of San Antonio de los Cobres, Argentina",4.1,1764439145138,-24.2435,-67.0961,206.6
"278 km S of Suva, Fiji",4.2,1764434643749,-20.6499,178.5917,583.949
"118 km W of Gorontalo, Indonesia",4.6,1764429786290,0.3695,122.0085,182.34
Vanuatu region,4.4,1764423692389,-13.6113,170.6978,629.972
"15 km NE of Colonia, Micronesia",4.6,1764422988203,9.6159,138.2209,10.0
"4 km SSW of Motomiya, Japan",4.0,1764418991262,37.4761,140.3752,113.547
Scotia Sea,4.7,1764418514242,-61.1702,-36.4403,10.0
western Indian-Antarctic Ridge,4.3,1764417528516,-48.1337,117.5056,10.0
"118 km W of Sola, Vanuatu",5.0,1764417003912,-13.715,166.4729,10.0
western Indian-Antarctic Ridge,4.4,1764414758462,-47.808,116.0727,10.0
Scotia Sea,4.4,1764408778110,-60.7301,-50.4998,10.0
west of Macquarie Island,5.9,1764403433203,-52.366,151.8084,10.0
"161 km SW of Belaya Gora, Russia",4.4,1764400692649,67.6893,143.0535,10.0
Mariana Islands region,4.5,1764399435257,21.5934,143.1209,304.108
"20 km S of El Rosario, El Salvador",4.9,1764399160983,13.313,-89.049,84.992
"204 km W of Tual, Indonesia",4.5,1764397980223,-5.9669,130.9334,121.359
"100 km SE of Kieta, Papua New Guinea",5.1,1764396299183,-6.8742,156.2641,154.765
"2 km E of Cepitá, Colombia",4.3,1764390750299,6.7524,-72.9558,162.717
"101 km E of Georgetown, Saint Helena",5.1,1764390040436,-7.9947,-13.4967,10.0
"190 km S of Severo-Kuril’sk, Russia",5.0,1764387247310,48.9607,156.2413,13.482
south of Tonga,4.7,1764383516796,-25.2274,-175.3988,10.0
"43 km NW of San Antonio de los Cobres, Argentina",4.7,1764377712692,-23.9845,-66.6652,197.499
"45 km SSW of La Tirana, Chile",4.1,1764377313885,-20.6669,-70.2903,46.168
"257 km SW of Yanglong, China",4.6,1764370411758,37.1913,96.3388,10.0
southern Mid-Atlantic Ridge,5.3,1764369989696,-47.5014,-13.447,10.0
"139 km SSE of Koshima, Japan",4.8,1764369644664,29.1143,131.2005,9.766
southern Mid-Atlantic Ridge,4.9,1764369303207,-47.5152,-13.5665,10.0
"172 km S of Severo-Kuril’sk, Russia",4.6,1764365024867,49.1254,156.146,33.974
"228 km E of Neiafu, Tonga",4.6,1764360704901,-18.8013,-171.8211,10.0
"7 km S of Amatenango de la Frontera, Mexico",5.8,1764360368384,15.3677,-92.1037,153.161
Banda Sea,4.3,1764358820580,-6.7507,130.0274,122.601
"295 km WNW of Houma, Tonga",4.2,1764354412442,-20.6685,-178.089,522.112
South Indian Ocean,4.8,1764352795050,-37.1842,52.411,10.0
"66 km ENE of Petropavlovsk-Kamchatsky, Russia",4.4,1764352633169,53.2233,159.5924,67.161
"147 km NNW of Neiafu, Tonga",4.6,1764352126318,-17.4578,-174.5935,103.611
South Sandwich Islands region,4.0,1764345680298,-58.9805,-28.4878,10.0
"63 km ESE of Mangili, Philippines",4.4,1764343730367,5.7796,126.2159,151.062
"94 km S of Severo-Kuril’sk, Russia",4.4,1764341835614,49.8389,155.8718,74.632
southern Mid-Atlantic Ridge,5.0,1764336574628,-14.1982,-14.3764,10.0
"43 km SSW of Ollagüe, Chile",4.4,1764334724180,-21.5986,-68.3806,145.16
"82 km SW of Atocha, Bolivia",4.5,1764330262112,-21.4329,-66.814,212.454
"209 km ESE of Severo-Kuril’sk, Russia",4.6,1764326350446,49.7425,158.6707,10.0
"34 km ESE of Minuri, Philippines",4.1,1764324976530,16.4124,122.1573,67.848
"Kepulauan Babar, Indonesia",4.8,1764318774036,-7.1001,129.7585,140.065
south of Panama,4.2,1764318722729,4.4657,-82.747,10.0
"88 km NW of Amahai, Indonesia",4.3,1764315453889,-2.8395,128.2946,10.0
"110 km W of Abra Pampa, Argentina",4.8,1764314011893,-22.7597,-66.771,219.095
central East Pacific Rise,5.3,1764307107170,-9.0856,-108.9253,10.0
"191 km SSE of Sarangani, Philippines",4.1,1764306923455,3.9525,126.4004,44.415
"271 km S of Ambon, Indonesia",4.2,1764306698973,-6.1043,127.7211,397.397
"27 km N of Labuan, Indonesia",4.3,1764304525636,-6.1321,105.834,161.069
"140 km WSW of Adak, Alaska",4.4,1764304372156,51.2637,-178.4046,47.643
"131 km WNW of Hihifo, Tonga",5.6,1764300609169,-15.3351,-174.8407,263.0
north of Ascension Island,4.7,1764293137512,-0.2594,-16.1735,10.0
south of Africa,4.3,1764290711185,-52.7572,27.0588,10.0
"220 km ENE of Lospalos, Timor Leste",4.2,1764290594310,-7.5437,128.7425,143.323
"18 km S of Nekā, Iran",4.0,1764290153334,36.4893,53.2719,10.0
"156 km SW of Leava, Wallis and Futuna",4.3,1764289241871,-15.284,-179.1933,431.748
"17 km E of Nūrābād, Iran",4.2,1764282554753,30.1377,51.6974,10.0
"112 km ENE of Miyako, Japan",4.3,1764281038944,39.8676,143.2263,36.699
"96 km NNW of Rāvar, Iran",4.6,1764279899196,32.0486,56.3493,10.0
"108 km NNW of Rāvar, Iran",4.3,1764279713566,32.1976,56.449,10.0
"112 km W of Valparaíso, Chile",4.4,1764278599879,-32.9948,-72.8305,10.0
"5 km S of San Juan Bautista, CA",4.04,1764277057730,36.799,-121.543666666667,8.2
"141 km E of Yamada, Japan",4.5,1764275639988,39.5266,143.5987,10.0
"Auckland Islands, New Zealand region",4.3,1764267158725,-49.5905,164.4033,18.022
"183 km SE of Sarangani, Philippines",4.2,1764265508855,4.2421,126.6452,46.838
"150 km E of Korsakov, Russia",4.2,1764264908003,46.8926,144.711,382.102
"12 km WNW of Susitna, Alaska",6.0,1764263489059,61.56951904296875,-150.75079345703125,69.43339538574219
"115 km SSE of Isangel, Vanuatu",4.3,1764259674058,-20.5072,169.7026,97.56
"281 km WSW of Tual, Indonesia",4.8,1764259300340,-6.8493,130.5204,105.965
"200 km SE of Sarangani, Philippines",4.9,1764246673201,4.0695,126.6845,26.731
"41 km SSE of San Jose Village, Northern Mariana Islands",4.6,1764246361227,14.6053,145.7293,120.325
"78 km SE of Vilyuchinsk, Russia",4.1,1764243639573,52.4437,159.2362,56.901
"61 km WNW of Sinabang, Indonesia",4.2,1764242284285,2.616,95.8441,28.724
"16 km ENE of Tungi, Bangladesh",4.1,1764238517099,23.9741,90.5388,10.0
"147 km NW of Ternate, Indonesia",4.8,1764237554336,1.7442,126.4587,57.575
Fiji region,4.4,1764237251934,-20.0503,-178.2564,580.104
